txn_id,drug_name,category,dosage_form,manufacturer,batch_number,quantity_sold,unit_cost,mrp,discount_pct,sale_price,total_revenue,expiry_date,sale_date,doctor_name,patient_name,patient_email,patient_phone,region,stock_remaining,drug_rating,patient_email_valid_flag,patient_phone_valid_flag,quantity_sold_negative_flag,expiry_date_valid_flag,sale_date_valid_flag,dosage_form_valid_flag,quantity_sold_valid_flag,discount_pct_valid_flag,drug_rating_valid_flag,total_revenue_source,_record_count
1,Sertraline 50mg,ANTIDEPRESSANT,CAPSULE,HealthPlus,BATCH-3929,127,2025,438.18,6.3,410.57,48857.4194,2026-02-23,2024-06-27,a7e9ba96743a31b35bf0bfc487847264be25540f3d170dd0a026f9f22c01ac18,6b8583a0dd7513270671e3c9021495a57d8fa1707fc5b79a672810e0adbece45,40ca9f3b1a8c1550b97900e131ff641e52fc4062ab651a6b938937cce4935eb5,6ba75f7d61e67d11aa9d172932ace85b5fc0d7f157f86c64272151251660fc2a,WEST,204,3.8,1,1,0,1,1,1,1,1,1,52142.39,1
2,Azithromycin 250mg,ANALGESIC,INJECTION,CureMed,BATCH-4483,87,37188,502.26,14.2,430.94,32167.9472,2024-06-18,2024-06-25,6d1f4fbbdc69d6b1820a56e4c9ee7acdb4e702585fec90ca0fdbc47edd8bae83,20ac4cc9b2a39b2e663e5e9a17e28927b5fa23c075c71f87a0360cc175b2f8cd,038f4df0d7f3dda70eae8c70611042c9485743426111277c5b232e55f983af40,b056fd868e4c5b23907ed44339dc2b693c6ff934c4da7c12903700f98d871ffb,WEST,43,3.5,1,1,0,1,1,1,1,1,1,37491.78,1
3,Metformin 500mg,ANTIDEPRESSANT,CAPSULE,BioSynth Corp,BATCH-9754,51,37236,878.9,15.1,746.19,32309.2808,2024-04-15,2024-01-02,65c24adfc4469fd3fd69fa7ee5e27a3068fab1971a962e2cfe0f18debb15ea94,1eb4aa4d6dc5c718af53ec3a7ba943259e942b59bdd82c4a13c021ea15d75bc8,c5b73ba5e9e41f9a8b245d1eaa34fa8080909dc52b137bef36899716d9a35ee1,9e11b4ae512b24faecc074d18ad304bc4053b597a1d04220f1bc915838b908aa,WEST,609,4.8,1,1,0,1,1,1,1,1,1,38055.69,1
4,Paracetamol 500mg,ANTIHYPERTENSIVE,TABLET,PharmaCo Ltd,BATCH-1381,97,38161,857.68,2.0,840.53,79900.7818,2026-05-21,2024-10-09,6d1f4fbbdc69d6b1820a56e4c9ee7acdb4e702585fec90ca0fdbc47edd8bae83,82bff005fbeb0685f25a2294ed4b57c84cd650d73264633bcc65d8a87121c598,33f3a5929293c65dd06b18a8fb77ecedd549a03a522e596fdfd77e304857ed29,b8c8dbac8614f29bf9cf3288879cccc8d33f5f849e8e8e3ba1ca2853cdc40c45,CENTRAL,5,3.8,1,1,0,1,1,1,1,1,1,81531.41,1
5,Omeprazole 20mg,ANTIDEPRESSANT,CAPSULE,PharmaCo Ltd,BATCH-4464,236,20977,349.41,19.1,282.67,53968.4871,2025-12-25,2024-12-12,2fccf9449f9448f22efcffa4705e32b62186326b01e78d01915f8f7084bb9475,188492b7d2dafb0157f7b2611fdae072aaab176e6bba6ffbc1b459dac64a2141,bc104fef7e7f73922725bc3061a3372be1a6d73d87e9303c00187f0cbd149d08,68f19d23188aa7da35a1c39b783c27630d5f84f8200fd7ead6b4298284fe64f1,CENTRAL,797,4.5,1,1,0,1,1,1,1,1,1,66710.12,1
6,Escitalopram 10mg,STATIN,TABLET,PharmaCo Ltd,BATCH-3353,161,14344,193.46,3.6,186.5,28945.546,2020-06-15,2024-07-28,05e53f73e1a416e4f86a7a302d698e7583d318f025ccf99e2ef94c3461fb209b,20ac4cc9b2a39b2e663e5e9a17e28927b5fa23c075c71f87a0360cc175b2f8cd,038f4df0d7f3dda70eae8c70611042c9485743426111277c5b232e55f983af40,f832a8788b7691d6e7900fd9b426a5ac5d618fa67358d51f31a7eb1abd5c820f,EAST,120,4.7,1,1,0,1,1,1,1,1,1,30026.5,1
7,Doxycycline 100mg,ANTIHYPERTENSIVE,DROPS,PharmaCo Ltd,BATCH-9212,157,1386,31.4,8.4,28.76,4136.0331,2026-02-11,2024-02-13,05e53f73e1a416e4f86a7a302d698e7583d318f025ccf99e2ef94c3461fb209b,baa58ed6d7b6e21560caf92ad631693c2f38656d5c24c4548790946e6adf6979,99d15170a8431958ff5f7cc33f277f4d53be6ba824fb9c0714eb7a68d2d777fc,4dff864f536591ce01f3eaa0d3f75fd1da6b27a1d496b2db35d8478458e90d10,WEST,833,3.7,1,1,0,1,1,1,1,1,1,4515.32,1
8,Lisinopril 10mg,ANTIHYPERTENSIVE,TABLET,BioSynth Corp,BATCH-7530,404,35796,549.82,16.4,459.65,155244.0296,2027-08-31,2023-11-15,6d1f4fbbdc69d6b1820a56e4c9ee7acdb4e702585fec90ca0fdbc47edd8bae83,a96577aea1a397b6b7035cd71e09cdd0b17645c36bbd9417140f301d482ccd0b,,0886bb2dfba6a780be2f3d697631c3ace303626e05b55aae4e3df5dcc54f7ed4,SOUTH,392,3.6,0,1,0,1,1,1,1,1,1,185698.6,1
9,Lisinopril 10mg,ANTIBIOTIC,INJECTION,BioSynth Corp,BATCH-2141,267,23796,489.9,8.0,450.71,110712.4044,2026-09-04,2024-06-30,65c24adfc4469fd3fd69fa7ee5e27a3068fab1971a962e2cfe0f18debb15ea94,5d926ced20b056a11e3687c9aec28170f4908711fcb2f0760af9b2ce8921be9d,d6d2da24b77a4928e4e21d976348c3f9d2b6d247da5895506e13a206b7d8ff21,de6e49894b377ff20290f74df5cad91fcec0ceb992f74f9cfe431e1bd9cf9cb1,EAST,419,4.9,1,1,0,1,1,1,1,1,1,120339.57,1
10,Pantoprazole 40mg,PPI,INJECTION,CureMed,BATCH-8209,109,30696,719.05,8.6,657.21,65475.2035,2027-09-28,2023-12-30,f40b3b86a04651a58b101e4f96d452428150e4dd0bc2d2d44ae4e705fa2b9ff1,1eb4aa4d6dc5c718af53ec3a7ba943259e942b59bdd82c4a13c021ea15d75bc8,c5b73ba5e9e41f9a8b245d1eaa34fa8080909dc52b137bef36899716d9a35ee1,64fa862477d0a35a0c93feeb5061a7bbb03e3f19b5cddec83fd69ff5302802f8,SOUTH,808,5.0,1,1,0,1,1,1,1,1,0,71635.89,1
11,Escitalopram 10mg,ANTIBIOTIC,INJECTION,BioSynth Corp,BATCH-7551,11,943,173.93,0.0,173.93,1913.23,2025-09-27,2024-11-19,65c24adfc4469fd3fd69fa7ee5e27a3068fab1971a962e2cfe0f18debb15ea94,6ccd9e188a7066c4efd3822b1be00e28fdb4a1d57032ff05844fcfea62b6b1e2,2b236b291b7123d47425a2f591e7f065837351804ad956324b9cc8489c30e393,285e8a8cdd3a4a699239f11f9420a5b502965402d8aa4177a15d69f8f6e3f46a,SOUTH,270,4.5,1,1,0,1,1,1,1,1,1,1913.23,1
12,Escitalopram 10mg,ANTIBIOTIC,CREAM,HealthPlus,BATCH-5710,112,59269,1481.34,20.2,1182.11,105652.2634,2024-06-03,2024-08-17,e95decda082e2fca434ced3c2975bd2586a5fd85e2998496d3a338e65b7aee90,188492b7d2dafb0157f7b2611fdae072aaab176e6bba6ffbc1b459dac64a2141,bc104fef7e7f73922725bc3061a3372be1a6d73d87e9303c00187f0cbd149d08,35bb6e6c8137f84096f35b8c88e5ca09818fac19d405c9be8428c2a1246b3714,EAST,378,4.9,1,1,1,1,1,1,1,1,1,132396.32,1
13,Ibuprofen 400mg,ANTIBIOTIC,TABLET,GlobalPharma,BATCH-7528,414,14194,247.71,3.2,239.78,96092.3146,2024-09-24,2024-04-02,fe8bdd6abdf5b660b0889cfb2d280a96e398770ef1d08ed11abc858b81bbd978,94ceedc241a0ee7c0968cc3298179a8afdc5fa52355bbca3ba9728a2a182fbcc,8bed5861928ad7b04ce376cc0186220413efda451c3bffc9ce13197e8a5a0f99,c6e0c4659c81fb79cfc6820115cca2ce56031236c402acd518ab23f07f09a79a,SOUTH,368,3.5,1,1,0,1,1,1,1,1,1,99268.92,1
14,Paracetamol 500mg,ANTIBIOTIC,CREAM,CureMed,BATCH-7269,104,6622,1597.05,12.0,1405.4,128622.208,2027-07-05,2024-05-02,65c24adfc4469fd3fd69fa7ee5e27a3068fab1971a962e2cfe0f18debb15ea94,6b8583a0dd7513270671e3c9021495a57d8fa1707fc5b79a672810e0adbece45,40ca9f3b1a8c1550b97900e131ff641e52fc4062ab651a6b938937cce4935eb5,9dd47e99754588e105b6e83fa8b8ff83549f25b9c717396b44d384de40f55da7,SOUTH,470,4.0,1,1,0,1,1,1,1,1,1,146161.6,1
15,Amlodipine 5mg,ANALGESIC,INJECTION,PharmaCo Ltd,BATCH-6500,345,58831,1116.3,13.3,967.83,289492.4704,2027-07-21,2028-11-30,86782b4fdaf346793cd9c3ef68e1a9be940acf7be2a7105ed7aa72aad66a5cd4,a96577aea1a397b6b7035cd71e09cdd0b17645c36bbd9417140f301d482ccd0b,a09fa3a28f182365cce7d2d587810c7dff785306a7e3cbf2fc55b87942f56e1b,fec7be222913dba0b3b4ab880d6ca0b90740429120ce3ec2e015cf1c7d73ab36,EAST,169,3.3,1,1,0,1,1,1,1,1,1,333901.35,1
16,Atorvastatin 20mg,ANTIDEPRESSANT,TABLET,PharmaCo Ltd,BATCH-6609,271,18781,405.24,4.0,389.03,101210.0448,2026-06-18,2023-02-28,fe8bdd6abdf5b660b0889cfb2d280a96e398770ef1d08ed11abc858b81bbd978,7b0b1ea5bf0e684f8717d31176c969d6bb994bec155831cbe289ad17a2ba858d,97e5804cf7e1b48761b23e4308a76613b179e2bff2dc9381f40883a8e717e721,d6a9cbaa59b0ba73486fb1a5b690a2bd32b11d426fde04f27ec3995f61232490,NORTH,-496,3.3,1,1,0,1,1,1,1,1,1,105427.13,1
17,Paracetamol 500mg,ANALGESIC,TABLET,HealthPlus,BATCH-4247,407,44941,935.92,16.3,783.37,266862.0408,2026-12-31,2023-03-25,6d1f4fbbdc69d6b1820a56e4c9ee7acdb4e702585fec90ca0fdbc47edd8bae83,82bff005fbeb0685f25a2294ed4b57c84cd650d73264633bcc65d8a87121c598,33f3a5929293c65dd06b18a8fb77ecedd549a03a522e596fdfd77e304857ed29,6585a9ed2a9b4bb1db86d29dac3e02a98dd0abde457c4e3fc42d0ebe90a529e1,SOUTH,558,3.2,1,1,0,1,1,1,1,1,1,318831.59,1
18,Sertraline 50mg,ANTIHYPERTENSIVE,SYRUP,CureMed,BATCH-4793,324,FREE,1199.97,4.0,1151.97,358308.7488,2024-04-18,2023-12-17,fe8bdd6abdf5b660b0889cfb2d280a96e398770ef1d08ed11abc858b81bbd978,1eb4aa4d6dc5c718af53ec3a7ba943259e942b59bdd82c4a13c021ea15d75bc8,c5b73ba5e9e41f9a8b245d1eaa34fa8080909dc52b137bef36899716d9a35ee1,3de7530de78f40af1421e534c8a95f9515f7e6fa3d8eb661bbb4874c8c6dc36c,SOUTH,756,3.2,1,1,0,1,1,1,1,1,1,373238.28,1
19,Rosuvastatin 10mg,ANTIDIABETIC,CAPSULE,GlobalPharma,BATCH-2588,410,63691,910.46,11.1,809.4,295018.206,2027-05-18,2023-03-24,65c24adfc4469fd3fd69fa7ee5e27a3068fab1971a962e2cfe0f18debb15ea94,455e0ed664c0d9181f64ec349454f8b089c21a5aebf6244f9b97711c3627bc28,7dadee549c0098b5cb40b59c114e291dd2999ace60fe1577485e19123020d589,326879c2b4d684c049b752ae2c6a18750c71c78a2020308e5a558f6ea07d449c,EAST,259,3.6,1,1,0,1,1,1,1,1,1,331854.0,1
20,Atorvastatin 20mg,ANTIDEPRESSANT,TABLET,BioSynth Corp,BATCH-3602,77,7552,1762.14,20.2,1406.19,86404.7507,2025-08-28,2023-10-25,6d1f4fbbdc69d6b1820a56e4c9ee7acdb4e702585fec90ca0fdbc47edd8bae83,20ac4cc9b2a39b2e663e5e9a17e28927b5fa23c075c71f87a0360cc175b2f8cd,038f4df0d7f3dda70eae8c70611042c9485743426111277c5b232e55f983af40,ffe4ff603091ac011a4488db224dc355abc5a85b8d84e305f48104c43a41c79a,SOUTH,41,3.7,1,1,0,1,1,1,1,1,1,108276.63,1
21,Ciprofloxacin 500mg,ANALGESIC,DROPS,BioSynth Corp,BATCH-1566,202,65204,1274.34,13.7,1099.76,191716.7618,2027-11-21,2024-11-21,e95decda082e2fca434ced3c2975bd2586a5fd85e2998496d3a338e65b7aee90,8bd1f2a38f515fd5b7a7a69b9e104899d0e50f3a6f144e62d67e7445159d7b86,6af662d1ce8848f4ea349724c30cb2598b8b5c37fe45267b3a12cbe45da475fb,daa8b90d440227516137a52c6377bb7094ef051aee832af9b89792fae5da90e8,WEST,524,4.4,1,1,0,1,1,1,1,1,1,222151.52,1
22,Paracetamol 500mg,ANTIHYPERTENSIVE,CREAM,GlobalPharma,BATCH-1894,118,1972,288.65,21.1,227.74,21203.0495,2024-07-11,2024-03-21,e95decda082e2fca434ced3c2975bd2586a5fd85e2998496d3a338e65b7aee90,8fa935f2abfc80dc3fcf9f0980aef9d85c48a4c5b7add71d41377d1b80c8fa75,477b942397d96b2f2dbb52e57cee7831e4610c7f203131e3130a7a7f7e1e24a1,d2707349f6baf55abba9a065da90e435d291865d01bf81c5fc9af1c7ab4dcf3c,SOUTH,134,4.8,1,1,0,1,1,1,1,1,1,26873.32,1
23,Pantoprazole 40mg,PPI,TABLET,BioSynth Corp,BATCH-4002,306,61254,801.44,23.3,614.7,144271.3194,2024-03-13,2024-05-30,fe8bdd6abdf5b660b0889cfb2d280a96e398770ef1d08ed11abc858b81bbd978,8eee14670827a1292426e924499c5cbcd0014e38d54ba9ef2e7630e4a73fc6c2,f72dac6569b0c430707d0040fbf2325304a9b58262365458f1bb39f297375b54,11da41952366561c9abed4b482a72e79d3a55fbc633086091c1998e5d6fcad41,SOUTH,602,3.5,1,1,0,1,1,1,1,1,1,188098.2,1
24,Escitalopram 10mg,ANTIHYPERTENSIVE,INJECTION,HealthPlus,BATCH-2490,199,40406,576.06,14.3,493.68,84193.6682,2025-03-02,2023-04-13,fe8bdd6abdf5b660b0889cfb2d280a96e398770ef1d08ed11abc858b81bbd978,8148f1c47c86b5b551a40e365e66384dec0d6819d67eafa8f1c2898a6870470c,69e25f47a519af33aa4f4b90a146dba50e6f13911f251a8123dc7821e92a7008,a4ee50fdb2f24913396763220fa9ab74cd281a08ca5ed6d982a961bbcb55a621,SOUTH,137,4.0,1,1,0,1,1,1,1,1,1,98242.32,1
25,Amoxicillin 500mg,ANTIHYPERTENSIVE,DROPS,BioSynth Corp,BATCH-3749,343,41508,207.54,22.9,710.79,187970.5479,2027-01-17,2023-03-21,58b49e0de443112a612199d321ec7e5d956eaa40dbe1c4b3c3ec093d0a102896,7b0b1ea5bf0e684f8717d31176c969d6bb994bec155831cbe289ad17a2ba858d,97e5804cf7e1b48761b23e4308a76613b179e2bff2dc9381f40883a8e717e721,74494aa7d0f6031dd3c5cfdfa67a6501e64b2fa9f02678565b3759d44745be16,SOUTH,703,4.4,1,1,0,1,1,1,1,1,1,243800.97,1
26,Sertraline 50mg,STATIN,CAPSULE,BioSynth Corp,BATCH-6309,402,45385,814.2,2.4,794.66,311786.4403,2027-07-09,2023-01-31,e95decda082e2fca434ced3c2975bd2586a5fd85e2998496d3a338e65b7aee90,94ceedc241a0ee7c0968cc3298179a8afdc5fa52355bbca3ba9728a2a182fbcc,8bed5861928ad7b04ce376cc0186220413efda451c3bffc9ce13197e8a5a0f99,5c6dc66a889e2e8d1f23252fb036ade1779972d5203c91d17b892817318ad9aa,EAST,194,4.9,1,1,0,1,1,1,1,1,1,319453.32,1
27,Ibuprofen 400mg,ANTIHYPERTENSIVE,SYRUP,CureMed,BATCH-5176,15,46392,702.13,18.1,575.04,7064.3664,2024-08-21,2023-06-13,05e53f73e1a416e4f86a7a302d698e7583d318f025ccf99e2ef94c3461fb209b,baa58ed6d7b6e21560caf92ad631693c2f38656d5c24c4548790946e6adf6979,99d15170a8431958ff5f7cc33f277f4d53be6ba824fb9c0714eb7a68d2d777fc,ed59e2813160881dabcdd89aed9b28fe695e39033670efce92735e027ffdfc29,EAST,543,3.5,1,1,0,1,1,1,1,1,1,8625.6,1
28,Losartan 50mg,ANTIDIABETIC,TABLET,BioSynth Corp,BATCH-4794,82,48857,1108.44,9.5,1003.14,74443.0194,2026-01-04,2023-11-22,fe8bdd6abdf5b660b0889cfb2d280a96e398770ef1d08ed11abc858b81bbd978,7b0b1ea5bf0e684f8717d31176c969d6bb994bec155831cbe289ad17a2ba858d,97e5804cf7e1b48761b23e4308a76613b179e2bff2dc9381f40883a8e717e721,d1c6ed00c4a96271191f56848fc990b92c26d7f7c2b645c2b108c6423aaa6367,SOUTH,798,3.1,1,1,0,1,1,1,1,1,1,99999.99,1
29,Metformin 500mg,ANTIHYPERTENSIVE,CAPSULE,MediGen Inc,BATCH-6628,327,20846,504.05,16.1,422.9,116023.8837,2026-06-07,2023-04-27,fe8bdd6abdf5b660b0889cfb2d280a96e398770ef1d08ed11abc858b81bbd978,6b8583a0dd7513270671e3c9021495a57d8fa1707fc5b79a672810e0adbece45,40ca9f3b1a8c1550b97900e131ff641e52fc4062ab651a6b938937cce4935eb5,acaa2d2afabb69d3988a3236a51a70c35f3c48c023067b29e95bbdde01769e65,EAST,509,3.8,1,1,0,1,1,1,1,1,1,138288.3,1
30,Sertraline 50mg,PPI,SYRUP,CureMed,BATCH-6650,423,9777,180.25,1.6,177.37,73827.0698,2024-03-09,2023-08-13,,a96577aea1a397b6b7035cd71e09cdd0b17645c36bbd9417140f301d482ccd0b,a09fa3a28f182365cce7d2d587810c7dff785306a7e3cbf2fc55b87942f56e1b,dc17610113cb9b8b3cca98c7b909811f11cdcd1502131296a9d1acac6e3aa642,NORTH,277,4.8,1,1,0,1,1,1,1,1,1,75027.51,1
31,Amoxicillin 500mg,ANTIBIOTIC,INJECTION,CureMed,BATCH-8286,277,184,39.4,1.9,38.65,10502.635,2026-02-24,2023-05-05,e95decda082e2fca434ced3c2975bd2586a5fd85e2998496d3a338e65b7aee90,8bd1f2a38f515fd5b7a7a69b9e104899d0e50f3a6f144e62d67e7445159d7b86,6af662d1ce8848f4ea349724c30cb2598b8b5c37fe45267b3a12cbe45da475fb,bf5264f5943a4ed5c05efd584c05814d93479d66be2aa6a4ea6de1429acc81f4,WEST,436,4.6,1,1,0,1,1,1,1,1,1,10706.05,1
32,Ciprofloxacin 500mg,ANTIBIOTIC,CREAM,CureMed,BATCH-9758,482,69786,871.05,7.2,808.33,361562.7757,2025-03-02,2023-03-11,86782b4fdaf346793cd9c3ef68e1a9be940acf7be2a7105ed7aa72aad66a5cd4,5d926ced20b056a11e3687c9aec28170f4908711fcb2f0760af9b2ce8921be9d,d6d2da24b77a4928e4e21d976348c3f9d2b6d247da5895506e13a206b7d8ff21,72daff606b09413081864368c20d7d1aef60aec738013a850de489f071fe6452,WEST,346,5.0,1,1,0,1,1,1,1,1,1,389615.06,1
33,Lisinopril 10mg,ANTIDIABETIC,TABLET,HealthPlus,BATCH-2369,334,10811,180.98,100.0,161.8,0.0,2027-09-19,2024-11-04,86782b4fdaf346793cd9c3ef68e1a9be940acf7be2a7105ed7aa72aad66a5cd4,8fa935f2abfc80dc3fcf9f0980aef9d85c48a4c5b7add71d41377d1b80c8fa75,477b942397d96b2f2dbb52e57cee7831e4610c7f203131e3130a7a7f7e1e24a1,8ed20c00b7d2eb8fcee3a7472f6bbec3b3329b47b3ce505e804d508d6c110c86,NORTH,124,4.6,1,1,0,1,1,1,1,0,1,54041.2,1
34,Azithromycin 250mg,ANTIBIOTIC,DROPS,CureMed,BATCH-2751,16,79785,1805.13,22.0,1408.0,17571.84,2025-01-10,2023-05-19,f40b3b86a04651a58b101e4f96d452428150e4dd0bc2d2d44ae4e705fa2b9ff1,455e0ed664c0d9181f64ec349454f8b089c21a5aebf6244f9b97711c3627bc28,7dadee549c0098b5cb40b59c114e291dd2999ace60fe1577485e19123020d589,fbde11e724891346de0f8a8ecb7a7a3bd0434519a96946eedc6b46058697e486,NORTH,317,4.7,1,1,0,1,1,1,1,1,1,22528.0,1
35,Escitalopram 10mg,ANTIDEPRESSANT,DROPS,PharmaCo Ltd,BATCH-2272,147,75914,1158.03,21.2,912.53,105703.8251,2024-11-20,2023-10-08,6d1f4fbbdc69d6b1820a56e4c9ee7acdb4e702585fec90ca0fdbc47edd8bae83,188492b7d2dafb0157f7b2611fdae072aaab176e6bba6ffbc1b459dac64a2141,,f58b4e5494ddf14eada9783cf4f7bad67e41f21dc80707422aa682af5da1daa8,NORTH,256,3.9,0,1,0,1,1,1,1,1,1,134141.91,1
36,Omeprazole 20mg,PPI,CREAM,GlobalPharma,BATCH-4563,443,79746,1736.44,7.7,1602.73,655338.667,2026-07-06,2023-09-16,a7e9ba96743a31b35bf0bfc487847264be25540f3d170dd0a026f9f22c01ac18,5d926ced20b056a11e3687c9aec28170f4908711fcb2f0760af9b2ce8921be9d,d6d2da24b77a4928e4e21d976348c3f9d2b6d247da5895506e13a206b7d8ff21,0c80af660b47b73157686ac5794b958730e1672d26a9522ba5ceb371d54f1ccd,SOUTH,470,3.6,1,1,0,1,1,1,1,1,1,710009.39,1
37,Azithromycin 250mg,ANALGESIC,CREAM,MediGen Inc,BATCH-9232,127,49285,957.42,1.8,940.19,117254.8557,2027-02-12,2024-03-21,65c24adfc4469fd3fd69fa7ee5e27a3068fab1971a962e2cfe0f18debb15ea94,8fa935f2abfc80dc3fcf9f0980aef9d85c48a4c5b7add71d41377d1b80c8fa75,477b942397d96b2f2dbb52e57cee7831e4610c7f203131e3130a7a7f7e1e24a1,becbac3e7c58ed06694ff254fbfe66a298f9090ff6564762c54661df763ccd13,EAST,742,4.6,1,1,0,1,1,1,1,1,1,119404.13,1
38,Sertraline 50mg,STATIN,TABLET,GlobalPharma,BATCH-2448,227,36903,449.15,4.9,427.14,92209.7018,2024-06-29,2023-09-05,f40b3b86a04651a58b101e4f96d452428150e4dd0bc2d2d44ae4e705fa2b9ff1,1eb4aa4d6dc5c718af53ec3a7ba943259e942b59bdd82c4a13c021ea15d75bc8,c5b73ba5e9e41f9a8b245d1eaa34fa8080909dc52b137bef36899716d9a35ee1,68c520d1b8b76196445416789a291f6a54bf65616f2c20fc7ff2941dae006d88,SOUTH,748,3.5,1,1,0,1,1,1,1,1,1,96960.78,1
39,Ibuprofen 400mg,ANTIHYPERTENSIVE,CREAM,CureMed,BATCH-4112,55,49505,768.86,24.1,583.56,24360.7122,2025-03-22,2023-11-01,fe8bdd6abdf5b660b0889cfb2d280a96e398770ef1d08ed11abc858b81bbd978,a96577aea1a397b6b7035cd71e09cdd0b17645c36bbd9417140f301d482ccd0b,a09fa3a28f182365cce7d2d587810c7dff785306a7e3cbf2fc55b87942f56e1b,fb2d63e5569fa180e6b60309cefafd90cdc533069de06d4658ce871fab689967,NORTH,453,4.3,1,1,0,1,1,1,1,1,1,32095.8,1
40,Paracetamol 500mg,ANTIBIOTIC,CREAM,HealthPlus,BATCH-6725,121,28175,326.89,8.1,300.41,33405.2916,2020-06-15,2024-11-20,58b49e0de443112a612199d321ec7e5d956eaa40dbe1c4b3c3ec093d0a102896,1eb4aa4d6dc5c718af53ec3a7ba943259e942b59bdd82c4a13c021ea15d75bc8,c5b73ba5e9e41f9a8b245d1eaa34fa8080909dc52b137bef36899716d9a35ee1,860dd4fb7c3e41304b696e79a5842c75cb475f66c55ac7e7d7fad84331e40bd3,CENTRAL,619,3.8,1,1,0,1,1,1,1,1,1,36349.61,1
41,Rosuvastatin 10mg,ANTIHYPERTENSIVE,CREAM,BioSynth Corp,BATCH-3894,382,41672,924.42,7.7,853.24,300840.4786,2024-02-03,2024-09-12,86782b4fdaf346793cd9c3ef68e1a9be940acf7be2a7105ed7aa72aad66a5cd4,38212dc515a959201eebcd46f4023805f5a29b1f546fd2cdef3db2b80ede76cd,2259847c9c3cafe7ba3e3b746dde3733c1d9aa6c07a9cb9e62d39fcf1724c0f8,36bce574f86fbb5bf2b316be5519d94613ca21f70fb19a731ac0f0f3e9efb47a,SOUTH,446,3.1,1,1,0,1,1,1,1,1,1,325937.68,1
42,Ciprofloxacin 500mg,PPI,SYRUP,MediGen Inc,BATCH-6388,364,76442,1577.94,18.2,1290.75,384323.394,2025-08-28,2023-02-03,05e53f73e1a416e4f86a7a302d698e7583d318f025ccf99e2ef94c3461fb209b,94ceedc241a0ee7c0968cc3298179a8afdc5fa52355bbca3ba9728a2a182fbcc,8bed5861928ad7b04ce376cc0186220413efda451c3bffc9ce13197e8a5a0f99,7abda11e00bccbc939cb0c9dcf61ff17accf7ef6bd89dd35202a705d2ec6cf99,SOUTH,41,3.4,1,1,0,1,1,1,1,1,1,469833.0,1
43,Lisinopril 10mg,ANTIBIOTIC,INJECTION,GlobalPharma,BATCH-9914,288,30668,591.57,20.8,468.52,106867.5379,2026-02-11,2023-09-23,6d1f4fbbdc69d6b1820a56e4c9ee7acdb4e702585fec90ca0fdbc47edd8bae83,1eb4aa4d6dc5c718af53ec3a7ba943259e942b59bdd82c4a13c021ea15d75bc8,c5b73ba5e9e41f9a8b245d1eaa34fa8080909dc52b137bef36899716d9a35ee1,b9a2b00c63f47d69b5b2a6ff360c34cebf78910be7ea2b48374f7c65e9dcabc8,SOUTH,64,3.5,1,1,0,1,1,1,1,1,1,134933.76,1
44,Amlodipine 5mg,ANTIDIABETIC,SYRUP,GlobalPharma,BATCH-6134,313,19333,246.29,16.6,205.41,53620.6372,2025-08-15,2023-10-10,fe8bdd6abdf5b660b0889cfb2d280a96e398770ef1d08ed11abc858b81bbd978,82bff005fbeb0685f25a2294ed4b57c84cd650d73264633bcc65d8a87121c598,33f3a5929293c65dd06b18a8fb77ecedd549a03a522e596fdfd77e304857ed29,b4ce985a71a04df201c6d746d46fd9d8153e0c01b27dddbff525a626db68d09c,SOUTH,294,4.9,1,1,0,1,1,1,1,1,1,64293.33,1
45,Metformin 500mg,PPI,CAPSULE,MediGen Inc,BATCH-7738,278,44416,653.43,10.9,582.21,144212.2526,2026-02-25,2023-04-05,05e53f73e1a416e4f86a7a302d698e7583d318f025ccf99e2ef94c3461fb209b,,ce7229910cc623c7bc18efa9711bd3e7779c5c8f71e50e325d251053bef1d027,8e4350ef2c69e39a1e7734d9c1591e6f88e97698f0e4d7b9d1e7a2540d98cd78,SOUTH,489,4.3,1,1,0,1,1,1,1,1,1,161854.38,1
46,Rosuvastatin 10mg,PPI,CAPSULE,HealthPlus,BATCH-1620,74,36572,807.8,23.1,621.2,35350.0072,2027-02-23,2023-05-13,05e53f73e1a416e4f86a7a302d698e7583d318f025ccf99e2ef94c3461fb209b,410a0fa3a706bb84402cc6276f7e646847b09ef85647e75a80cd7213fd8154aa,6ee89ce6c85205e5cc640b60c6161f289885793698ab51569591c470b1d8b4a4,a76cbfc88ba23e87d5cd70375f8656d4adbd15f042a0a644dcd1e89ce303c84a,NORTH,15,4.7,1,1,0,1,1,1,1,1,1,45968.8,1
47,Metformin 500mg,ANTIBIOTIC,CAPSULE,CureMed,BATCH-9596,400,36924,734.67,0.1,733.94,293282.424,2024-04-01,2024-09-13,58b49e0de443112a612199d321ec7e5d956eaa40dbe1c4b3c3ec093d0a102896,82bff005fbeb0685f25a2294ed4b57c84cd650d73264633bcc65d8a87121c598,33f3a5929293c65dd06b18a8fb77ecedd549a03a522e596fdfd77e304857ed29,89d405f5f2714021a055d034f17537294d2e7c1fd82e9131c46e736d140b0b98,WEST,188,4.8,1,1,0,1,1,1,1,1,1,293576.0,1
48,Losartan 50mg,PPI,CREAM,PharmaCo Ltd,BATCH-1534,164,4995,57.22,6.2,53.67,8256.1634,2026-03-16,2024-01-16,2fccf9449f9448f22efcffa4705e32b62186326b01e78d01915f8f7084bb9475,82bff005fbeb0685f25a2294ed4b57c84cd650d73264633bcc65d8a87121c598,33f3a5929293c65dd06b18a8fb77ecedd549a03a522e596fdfd77e304857ed29,43ec3ff9d9d94aad8a1de0e92ff0880cb8ebad57c07d2d5e5fda12f42ad198d5,CENTRAL,356,4.4,1,1,0,1,1,1,1,1,1,8801.88,1
49,Omeprazole 20mg,ANTIDIABETIC,SYRUP,HealthPlus,BATCH-7109,284,6739,1369.93,23.9,1042.52,225313.5925,2025-06-24,2023-07-01,a7e9ba96743a31b35bf0bfc487847264be25540f3d170dd0a026f9f22c01ac18,5d926ced20b056a11e3687c9aec28170f4908711fcb2f0760af9b2ce8921be9d,d6d2da24b77a4928e4e21d976348c3f9d2b6d247da5895506e13a206b7d8ff21,0193fc64aeb26dd1c54666c5dcc21b4f0507e23a2d7dd145cb9e91e99a4c0f67,NORTH,398,4.4,1,1,0,1,1,1,1,1,1,296075.68,1
50,Paracetamol 500mg,PPI,INJECTION,PharmaCo Ltd,BATCH-3816,404,78052,1626.06,5.8,1531.75,582935.034,2027-10-13,2024-12-30,e95decda082e2fca434ced3c2975bd2586a5fd85e2998496d3a338e65b7aee90,455e0ed664c0d9181f64ec349454f8b089c21a5aebf6244f9b97711c3627bc28,7dadee549c0098b5cb40b59c114e291dd2999ace60fe1577485e19123020d589,bfdf9ea44211f5e2cec5ab59a5afcf9235881ba42a092fa9e126e4ced9cd4d67,SOUTH,306,0.0,1,1,0,1,1,1,1,1,0,618827.0,1
51,Sertraline 50mg,ANALGESIC,INJECTION,MediGen Inc,BATCH-5344,201,62716,695.19,13.7,599.95,104069.1269,2026-08-09,2023-10-12,2fccf9449f9448f22efcffa4705e32b62186326b01e78d01915f8f7084bb9475,a96577aea1a397b6b7035cd71e09cdd0b17645c36bbd9417140f301d482ccd0b,a09fa3a28f182365cce7d2d587810c7dff785306a7e3cbf2fc55b87942f56e1b,5ef1e122fc3ff58cf102a78c0de8d9922afef193ad856790f2b6b65b02fd4894,SOUTH,335,4.1,1,1,0,1,1,1,1,1,1,120589.95,1
52,Atorvastatin 20mg,ANTIDEPRESSANT,CREAM,CureMed,BATCH-3512,417,76589,1069.79,2.9,1038.77,420605.2444,2027-11-09,2024-02-11,05e53f73e1a416e4f86a7a302d698e7583d318f025ccf99e2ef94c3461fb209b,94ceedc241a0ee7c0968cc3298179a8afdc5fa52355bbca3ba9728a2a182fbcc,8bed5861928ad7b04ce376cc0186220413efda451c3bffc9ce13197e8a5a0f99,36dc8741386b162748bfaba028e4929391645248d2f9369c170e55f921a1c74c,EAST,336,5.0,1,1,0,1,1,1,1,1,1,433167.09,1
53,Lisinopril 10mg,STATIN,CAPSULE,CureMed,BATCH-5052,416,79084,1043.42,6.1,979.77,382721.6765,2026-04-14,2023-08-24,05e53f73e1a416e4f86a7a302d698e7583d318f025ccf99e2ef94c3461fb209b,6b8583a0dd7513270671e3c9021495a57d8fa1707fc5b79a672810e0adbece45,40ca9f3b1a8c1550b97900e131ff641e52fc4062ab651a6b938937cce4935eb5,eac528a26feb3829966812cde537b9a0a2fb330cd391ded021b111795872ae2a,NORTH,742,3.1,1,1,0,1,1,1,1,1,1,407584.32,1
54,Rosuvastatin 10mg,ANTIDEPRESSANT,CAPSULE,CureMed,BATCH-5289,234,27469,304.82,4.6,290.8,64917.0288,2027-02-13,2024-10-14,fe8bdd6abdf5b660b0889cfb2d280a96e398770ef1d08ed11abc858b81bbd978,8148f1c47c86b5b551a40e365e66384dec0d6819d67eafa8f1c2898a6870470c,69e25f47a519af33aa4f4b90a146dba50e6f13911f251a8123dc7821e92a7008,f1ca3af7ea04c657ff64df33be57de409b14d3e2795dacbe27d0830ccc76653e,WEST,326,3.6,1,1,0,1,1,1,1,1,1,68047.2,1
55,Pantoprazole 40mg,ANTIHYPERTENSIVE,INJECTION,HealthPlus,BATCH-7133,363,6746,1644.06,24.8,1236.33,337488.4181,2026-08-08,2023-07-07,2fccf9449f9448f22efcffa4705e32b62186326b01e78d01915f8f7084bb9475,6ccd9e188a7066c4efd3822b1be00e28fdb4a1d57032ff05844fcfea62b6b1e2,2b236b291b7123d47425a2f591e7f065837351804ad956324b9cc8489c30e393,be864e90075ecd6358d2e910143de0fc907f18dfaf6570f62bf64922befe061a,CENTRAL,610,3.6,1,1,1,1,1,1,1,1,1,448787.79,1
56,Losartan 50mg,ANTIBIOTIC,TABLET,GlobalPharma,BATCH-1548,481,72234,1254.22,3.0,1216.59,567624.3963,2026-09-30,2023-01-12,fe8bdd6abdf5b660b0889cfb2d280a96e398770ef1d08ed11abc858b81bbd978,94ceedc241a0ee7c0968cc3298179a8afdc5fa52355bbca3ba9728a2a182fbcc,8bed5861928ad7b04ce376cc0186220413efda451c3bffc9ce13197e8a5a0f99,ee669f51a6e12fa666e30a2fc9ebd98101ceb03bf8b6223a4e9c11bfca978981,NORTH,746,3.4,1,1,0,1,1,1,1,1,1,585179.79,1
57,Amlodipine 5mg,ANTIDEPRESSANT,CREAM,PharmaCo Ltd,BATCH-2851,74,47305,645.39,23.9,491.14,27658.058,2025-06-03,2023-01-21,05e53f73e1a416e4f86a7a302d698e7583d318f025ccf99e2ef94c3461fb209b,188492b7d2dafb0157f7b2611fdae072aaab176e6bba6ffbc1b459dac64a2141,bc104fef7e7f73922725bc3061a3372be1a6d73d87e9303c00187f0cbd149d08,dcf48c788351a2c047bfb2ab44e8f8aac8b5068c12824752482403fe3915d1c9,SOUTH,39,3.4,1,1,0,1,1,1,1,1,1,36344.36,1
58,Azithromycin 250mg,ANTIBIOTIC,CREAM,PharmaCo Ltd,BATCH-4013,246,21515,342.83,9.2,311.29,69532.2247,2025-11-22,2023-09-07,f40b3b86a04651a58b101e4f96d452428150e4dd0bc2d2d44ae4e705fa2b9ff1,3561b1873c0422845ddcb3598528d308072fc271092f5cbd376d79a8b28c3118,ce7229910cc623c7bc18efa9711bd3e7779c5c8f71e50e325d251053bef1d027,64e3d0978057a500d28882aeb136391cc04e21022646a35a5ceda854891f3ee2,WEST,107,3.3,1,1,0,1,1,1,1,1,1,76577.34,1
59,Atorvastatin 20mg,ANTIBIOTIC,INJECTION,BioSynth Corp,BATCH-7042,184,15302,313.25,8.4,286.94,48362.0154,2025-09-09,2024-10-22,2fccf9449f9448f22efcffa4705e32b62186326b01e78d01915f8f7084bb9475,20ac4cc9b2a39b2e663e5e9a17e28927b5fa23c075c71f87a0360cc175b2f8cd,038f4df0d7f3dda70eae8c70611042c9485743426111277c5b232e55f983af40,669641df1e3e4a4c6fa3f76ea3c5b443b5c8a79d30bffbb0eb7cecd662c065a9,WEST,29,3.5,1,1,0,1,1,1,1,1,1,52796.96,1
60,Lisinopril 10mg,ANALGESIC,TABLET,PharmaCo Ltd,BATCH-7958,374,74114,1202.37,22.8,928.23,268005.9914,2027-12-14,2023-01-04,65c24adfc4469fd3fd69fa7ee5e27a3068fab1971a962e2cfe0f18debb15ea94,38212dc515a959201eebcd46f4023805f5a29b1f546fd2cdef3db2b80ede76cd,2259847c9c3cafe7ba3e3b746dde3733c1d9aa6c07a9cb9e62d39fcf1724c0f8,5207350750ffb6becfacb68c29b82ef176a9df580c9308ae0af2d5046408ef31,SOUTH,603,3.7,1,1,0,1,1,1,1,1,1,347158.02,1
61,Paracetamol 500mg,ANALGESIC,DROPS,BioSynth Corp,BATCH-7391,95,48442,689.37,7.7,636.29,55793.0886,2027-01-07,2023-03-22,6d1f4fbbdc69d6b1820a56e4c9ee7acdb4e702585fec90ca0fdbc47edd8bae83,20ac4cc9b2a39b2e663e5e9a17e28927b5fa23c075c71f87a0360cc175b2f8cd,038f4df0d7f3dda70eae8c70611042c9485743426111277c5b232e55f983af40,e26ba750f9d0df033a08e7edf11732599857f274aa4942bd08e885bf26478ae8,NORTH,697,3.4,1,1,0,1,1,1,1,1,1,60447.55,1
62,Doxycycline 100mg,ANTIDEPRESSANT,SYRUP,MediGen Inc,BATCH-5023,37,67101,1257.9,20.1,1005.06,29712.5888,2026-03-23,2023-06-21,e95decda082e2fca434ced3c2975bd2586a5fd85e2998496d3a338e65b7aee90,a96577aea1a397b6b7035cd71e09cdd0b17645c36bbd9417140f301d482ccd0b,a09fa3a28f182365cce7d2d587810c7dff785306a7e3cbf2fc55b87942f56e1b,9e4f4be568b5fb4e3d0f216d4083960fdf738aff099dc3706346cc09a3992d12,SOUTH,386,3.5,1,1,0,1,1,1,1,1,1,37187.22,1
63,Pantoprazole 40mg,ANTIHYPERTENSIVE,DROPS,HealthPlus,BATCH-1375,346,5413,62.04,24.7,46.72,12172.3354,2026-08-19,2023-05-29,e95decda082e2fca434ced3c2975bd2586a5fd85e2998496d3a338e65b7aee90,82bff005fbeb0685f25a2294ed4b57c84cd650d73264633bcc65d8a87121c598,33f3a5929293c65dd06b18a8fb77ecedd549a03a522e596fdfd77e304857ed29,86b6bb13b6591f8f129faf6edabc41f01f153b4801ec382d786341e53fb19c57,EAST,592,3.5,1,1,0,1,1,1,1,1,1,16165.12,1
64,Ciprofloxacin 500mg,ANTIBIOTIC,TABLET,MediGen Inc,BATCH-5150,230,74669,1683.65,2.1,1648.29,371145.4593,2027-02-20,2023-06-30,e95decda082e2fca434ced3c2975bd2586a5fd85e2998496d3a338e65b7aee90,8fa935f2abfc80dc3fcf9f0980aef9d85c48a4c5b7add71d41377d1b80c8fa75,477b942397d96b2f2dbb52e57cee7831e4610c7f203131e3130a7a7f7e1e24a1,8eaf9bdb0d51634d6490f23285252f14b5deb372c3e54a3dc6aed9ea890b56d1,SOUTH,324,4.0,1,1,0,1,1,1,1,1,1,379106.7,1
65,Doxycycline 100mg,ANTIHYPERTENSIVE,CREAM,MediGen Inc,BATCH-4517,486,34535,626.27,7.0,582.43,263246.7114,2025-02-06,2024-04-02,58b49e0de443112a612199d321ec7e5d956eaa40dbe1c4b3c3ec093d0a102896,8bd1f2a38f515fd5b7a7a69b9e104899d0e50f3a6f144e62d67e7445159d7b86,6af662d1ce8848f4ea349724c30cb2598b8b5c37fe45267b3a12cbe45da475fb,2f2a2bee07721b80e24cd65e7b6656b72a145310a694342343716ea2dc356dcb,NORTH,732,3.4,1,1,0,1,1,1,1,1,1,99999.99,1
66,Ciprofloxacin 500mg,ANTIBIOTIC,DROPS,MediGen Inc,BATCH-2645,293,56425,650.77,0.8,645.56,187635.8874,2025-02-09,2023-10-06,fe8bdd6abdf5b660b0889cfb2d280a96e398770ef1d08ed11abc858b81bbd978,3561b1873c0422845ddcb3598528d308072fc271092f5cbd376d79a8b28c3118,ce7229910cc623c7bc18efa9711bd3e7779c5c8f71e50e325d251053bef1d027,f56b38cb4d85d0fcc94edf91543ca1e4ac2f0daaf5f3c0675fef50690ad6cc4e,NORTH,173,3.0,1,1,0,1,1,1,1,1,1,189149.08,1
67,Paracetamol 500mg,STATIN,TABLET,PharmaCo Ltd,BATCH-2293,19,57999,1385.45,19.9,1109.75,16889.2852,2026-01-30,2024-01-19,65c24adfc4469fd3fd69fa7ee5e27a3068fab1971a962e2cfe0f18debb15ea94,8eee14670827a1292426e924499c5cbcd0014e38d54ba9ef2e7630e4a73fc6c2,f72dac6569b0c430707d0040fbf2325304a9b58262365458f1bb39f297375b54,e5f07e176b3834f59d718959fb5fe27c9f5feb24a1fd54a6e4e8adba4290a329,CENTRAL,48,3.9,1,1,0,1,1,1,1,1,1,21085.25,1
68,Rosuvastatin 10mg,ANTIBIOTIC,CREAM,GlobalPharma,BATCH-6253,482,6557,88.11,7.8,81.24,36103.381,2025-09-21,2024-09-05,e95decda082e2fca434ced3c2975bd2586a5fd85e2998496d3a338e65b7aee90,1eb4aa4d6dc5c718af53ec3a7ba943259e942b59bdd82c4a13c021ea15d75bc8,c5b73ba5e9e41f9a8b245d1eaa34fa8080909dc52b137bef36899716d9a35ee1,26d36eba8de36c89ce208647f69c8aaffc05e0dc05d20ea11572e019706a3ed8,SOUTH,45,4.0,1,1,0,1,1,1,1,1,1,39157.68,1
69,Ciprofloxacin 500mg,ANTIBIOTIC,CREAM,GlobalPharma,BATCH-2813,148,68867,1158.93,5.3,1097.51,153822.6116,2024-03-10,2023-06-17,2fccf9449f9448f22efcffa4705e32b62186326b01e78d01915f8f7084bb9475,7aa75cf8372f20e82d020e6336ad7f87bc3af54eadbb3daf2397d0767c2abaed,aa731f5d35d88bb949c9cde3a9f61b92744e9fb621e4701976c78a7403923d72,b734d5015b90089f227cb7ca2315311c807b069da716ba7fef3270645a46bcfe,SOUTH,133,3.3,1,1,0,1,1,1,1,1,1,162431.48,1
70,Escitalopram 10mg,STATIN,CREAM,BioSynth Corp,BATCH-2316,411,1975,447.61,19.2,361.67,120106.267,2027-01-02,2023-01-19,86782b4fdaf346793cd9c3ef68e1a9be940acf7be2a7105ed7aa72aad66a5cd4,8eee14670827a1292426e924499c5cbcd0014e38d54ba9ef2e7630e4a73fc6c2,f72dac6569b0c430707d0040fbf2325304a9b58262365458f1bb39f297375b54,5b53b219edd2c1e56af5f2ebe501e1b382911a5c3346b67f89b54a610e56968d,CENTRAL,-464,4.2,1,1,0,1,1,1,1,1,1,148646.37,1
71,Paracetamol 500mg,ANTIBIOTIC,CAPSULE,HealthPlus,BATCH-8613,285,2787,688.34,12.0,605.74,151919.592,2025-05-16,2024-06-08,86782b4fdaf346793cd9c3ef68e1a9be940acf7be2a7105ed7aa72aad66a5cd4,7aa75cf8372f20e82d020e6336ad7f87bc3af54eadbb3daf2397d0767c2abaed,aa731f5d35d88bb949c9cde3a9f61b92744e9fb621e4701976c78a7403923d72,ced3c6bab3cdf6681198c1f913a10f39d3d2fe3565b1c20b36eb366278ba9dfc,NORTH,889,4.8,1,1,0,1,1,1,1,1,1,172635.9,1
72,Lisinopril 10mg,ANTIHYPERTENSIVE,CREAM,MediGen Inc,BATCH-9652,74,42114,710.41,16.5,593.19,36653.2101,2024-02-03,2023-10-16,fe8bdd6abdf5b660b0889cfb2d280a96e398770ef1d08ed11abc858b81bbd978,455e0ed664c0d9181f64ec349454f8b089c21a5aebf6244f9b97711c3627bc28,7dadee549c0098b5cb40b59c114e291dd2999ace60fe1577485e19123020d589,7688a03dd98156aeff4c5f97f6784ed8a402b3870c89ff1e603b9c70e8a9705f,EAST,899,4.8,1,1,0,1,1,1,1,1,1,43896.06,1
73,Atorvastatin 20mg,STATIN,CREAM,MediGen Inc,BATCH-9341,392,N/A,264.08,3.9,253.78,95601.9714,2026-09-14,2023-12-24,86782b4fdaf346793cd9c3ef68e1a9be940acf7be2a7105ed7aa72aad66a5cd4,8eee14670827a1292426e924499c5cbcd0014e38d54ba9ef2e7630e4a73fc6c2,f72dac6569b0c430707d0040fbf2325304a9b58262365458f1bb39f297375b54,320020afbb3a4f6fa3f07d5ce045b19dcc3f21124d06c38ec45966ae371804e8,EAST,381,4.3,1,1,0,1,1,1,1,1,1,99481.76,1
74,Azithromycin 250mg,PPI,SYRUP,MediGen Inc,BATCH-9308,313,8579,191.23,17.5,157.76,40737.576,2024-09-13,2024-05-02,f40b3b86a04651a58b101e4f96d452428150e4dd0bc2d2d44ae4e705fa2b9ff1,5d926ced20b056a11e3687c9aec28170f4908711fcb2f0760af9b2ce8921be9d,d6d2da24b77a4928e4e21d976348c3f9d2b6d247da5895506e13a206b7d8ff21,c7ce5433be3cd7289fbbdf4853abdcec6c2c655dd0180d740427d9f3ab530136,SOUTH,220,4.9,1,1,0,1,1,1,1,1,1,49378.88,1
75,Ibuprofen 400mg,ANTIDIABETIC,CREAM,GlobalPharma,BATCH-5594,19,68087,762.55,23.4,584.11,8501.1369,2024-09-18,2024-09-28,a7e9ba96743a31b35bf0bfc487847264be25540f3d170dd0a026f9f22c01ac18,5d926ced20b056a11e3687c9aec28170f4908711fcb2f0760af9b2ce8921be9d,d6d2da24b77a4928e4e21d976348c3f9d2b6d247da5895506e13a206b7d8ff21,3525d81e2e227d2f7a9a2214ab72ca65b75a4750e9c95ab8aaaf94b39e4b1aec,NORTH,142,3.8,1,1,0,1,1,1,1,1,1,11098.09,1
76,Pantoprazole 40mg,ANALGESIC,CAPSULE,MediGen Inc,BATCH-1397,416,41189,730.94,15.2,619.84,218659.7171,2026-06-07,2023-11-09,a7e9ba96743a31b35bf0bfc487847264be25540f3d170dd0a026f9f22c01ac18,baa58ed6d7b6e21560caf92ad631693c2f38656d5c24c4548790946e6adf6979,99d15170a8431958ff5f7cc33f277f4d53be6ba824fb9c0714eb7a68d2d777fc,764fcc07eb207f31c8cde19be853619b3df65fc078e08680d33963abc796df04,CENTRAL,759,4.0,1,1,0,1,1,1,1,1,1,257853.44,1
77,Metformin 500mg,STATIN,INJECTION,HealthPlus,BATCH-7040,135,27908,347.16,16.9,288.49,32364.2506,2027-08-10,2028-11-30,65c24adfc4469fd3fd69fa7ee5e27a3068fab1971a962e2cfe0f18debb15ea94,7b0b1ea5bf0e684f8717d31176c969d6bb994bec155831cbe289ad17a2ba858d,97e5804cf7e1b48761b23e4308a76613b179e2bff2dc9381f40883a8e717e721,b5cebe324420ed8eeecda43dd29914b886f81f96bfb2c7c89f7b116a248ac132,CENTRAL,213,4.6,1,1,0,1,1,1,1,1,1,38946.15,1
78,Rosuvastatin 10mg,ANTIDIABETIC,SYRUP,MediGen Inc,BATCH-7271,429,53692,1221.17,100.0,941.52,0.0,2024-04-26,2023-06-30,58b49e0de443112a612199d321ec7e5d956eaa40dbe1c4b3c3ec093d0a102896,8fa935f2abfc80dc3fcf9f0980aef9d85c48a4c5b7add71d41377d1b80c8fa75,477b942397d96b2f2dbb52e57cee7831e4610c7f203131e3130a7a7f7e1e24a1,cfbb49163ef0736ba508c584fafca62998e57ae776a056410f46c7d06281074e,NORTH,390,3.4,1,1,0,1,1,1,1,0,1,403912.08,1
79,Escitalopram 10mg,ANTIHYPERTENSIVE,CAPSULE,HealthPlus,BATCH-8003,466,24212,302.38,22.3,234.95,85071.1659,2025-11-09,2024-05-14,65c24adfc4469fd3fd69fa7ee5e27a3068fab1971a962e2cfe0f18debb15ea94,7b0b1ea5bf0e684f8717d31176c969d6bb994bec155831cbe289ad17a2ba858d,97e5804cf7e1b48761b23e4308a76613b179e2bff2dc9381f40883a8e717e721,81ac4fbfdfc391120464fffa65347d6e72053139df79ebc500f6dfd2b755262b,NORTH,70,3.8,1,1,0,1,1,1,1,1,1,109486.7,1
80,Ibuprofen 400mg,ANTIBIOTIC,CAPSULE,HealthPlus,BATCH-6410,310,34824,670.24,8.2,615.28,175096.3824,2024-12-15,2024-04-04,65c24adfc4469fd3fd69fa7ee5e27a3068fab1971a962e2cfe0f18debb15ea94,7b0b1ea5bf0e684f8717d31176c969d6bb994bec155831cbe289ad17a2ba858d,97e5804cf7e1b48761b23e4308a76613b179e2bff2dc9381f40883a8e717e721,aabf4e3d8e1e9f0be8063de361332d22d0c4fecccde800b389ce8bbeb09f6837,WEST,475,4.0,1,1,0,1,1,1,1,1,1,190736.8,1
81,Doxycycline 100mg,ANTIDEPRESSANT,SYRUP,PharmaCo Ltd,BATCH-9435,33,17497,319.8,13.4,276.95,7914.6771,2026-06-24,2024-11-25,fe8bdd6abdf5b660b0889cfb2d280a96e398770ef1d08ed11abc858b81bbd978,410a0fa3a706bb84402cc6276f7e646847b09ef85647e75a80cd7213fd8154aa,6ee89ce6c85205e5cc640b60c6161f289885793698ab51569591c470b1d8b4a4,9ada188e21fe3884ebc35b2502c81ddf8c29ddc7527e3bbed7581f51cfdbb4e4,SOUTH,958,3.2,1,1,0,1,1,1,1,1,1,9139.35,1
82,Escitalopram 10mg,ANTIBIOTIC,TABLET,MediGen Inc,BATCH-4686,48,20229,406.06,4.3,388.6,17850.7296,2027-08-21,2023-08-18,05e53f73e1a416e4f86a7a302d698e7583d318f025ccf99e2ef94c3461fb209b,baa58ed6d7b6e21560caf92ad631693c2f38656d5c24c4548790946e6adf6979,99d15170a8431958ff5f7cc33f277f4d53be6ba824fb9c0714eb7a68d2d777fc,e78d95cdb55aef76599875d282f7375bddf4807a533bc7921768ae164266d177,EAST,713,3.1,1,1,0,1,1,1,1,1,1,18652.8,1
83,Rosuvastatin 10mg,ANTIDIABETIC,CAPSULE,GlobalPharma,BATCH-7616,473,64679,1387.4,0.3,1383.24,652309.7024,2025-10-07,2024-07-03,05e53f73e1a416e4f86a7a302d698e7583d318f025ccf99e2ef94c3461fb209b,1eb4aa4d6dc5c718af53ec3a7ba943259e942b59bdd82c4a13c021ea15d75bc8,c5b73ba5e9e41f9a8b245d1eaa34fa8080909dc52b137bef36899716d9a35ee1,9d763197de409662a064bafcbedf738ad5b2846717d1d431c409a373500013a3,EAST,125,3.5,1,1,0,1,1,1,1,1,1,654272.52,1
84,Ibuprofen 400mg,ANTIBIOTIC,SYRUP,HealthPlus,BATCH-7401,483,63026,1346.89,23.3,1033.06,382708.4407,2024-02-27,2023-03-17,86782b4fdaf346793cd9c3ef68e1a9be940acf7be2a7105ed7aa72aad66a5cd4,6ccd9e188a7066c4efd3822b1be00e28fdb4a1d57032ff05844fcfea62b6b1e2,2b236b291b7123d47425a2f591e7f065837351804ad956324b9cc8489c30e393,c7deb9eb9d4b07a79dce2c987507ed04dd350ff7483f5f4244d9710c11f0c406,CENTRAL,929,4.8,1,1,0,1,1,1,1,1,1,498967.98,1
85,Ciprofloxacin 500mg,PPI,INJECTION,PharmaCo Ltd,BATCH-1742,251,15297,352.65,23.0,271.54,52480.5358,2026-02-10,2023-12-03,,1eb4aa4d6dc5c718af53ec3a7ba943259e942b59bdd82c4a13c021ea15d75bc8,c5b73ba5e9e41f9a8b245d1eaa34fa8080909dc52b137bef36899716d9a35ee1,ce3f2b75087ed63845db39a782bba19aaa1066f5f15592e2956372d10aa817a8,EAST,585,4.0,1,1,0,1,1,1,1,1,1,68156.54,1
86,Sertraline 50mg,ANTIDIABETIC,CAPSULE,HealthPlus,BATCH-2430,265,42641,598.37,17.9,491.26,106880.9819,2026-08-31,2023-12-05,6d1f4fbbdc69d6b1820a56e4c9ee7acdb4e702585fec90ca0fdbc47edd8bae83,20ac4cc9b2a39b2e663e5e9a17e28927b5fa23c075c71f87a0360cc175b2f8cd,038f4df0d7f3dda70eae8c70611042c9485743426111277c5b232e55f983af40,88beda3d6043d28c2320aaa898a9207921bc43d0d094c381b5ef97873cf46341,NORTH,462,5.0,1,1,0,1,1,1,1,1,1,130183.9,1
87,Omeprazole 20mg,ANTIDIABETIC,CREAM,MediGen Inc,BATCH-7429,127,65279,950.21,22.9,732.61,71734.9734,2024-10-06,2024-10-17,65c24adfc4469fd3fd69fa7ee5e27a3068fab1971a962e2cfe0f18debb15ea94,3561b1873c0422845ddcb3598528d308072fc271092f5cbd376d79a8b28c3118,ce7229910cc623c7bc18efa9711bd3e7779c5c8f71e50e325d251053bef1d027,46846149432d75984fc05e84a722a9449e71c81ed8ee1888792366a124a4b563,EAST,355,3.9,1,1,0,1,1,1,1,1,1,93041.47,1
88,Azithromycin 250mg,ANTIDEPRESSANT,INJECTION,HealthPlus,BATCH-6087,59,41536,207.68,23.2,754.04,34167.0605,2024-04-17,2024-11-21,05e53f73e1a416e4f86a7a302d698e7583d318f025ccf99e2ef94c3461fb209b,7b0b1ea5bf0e684f8717d31176c969d6bb994bec155831cbe289ad17a2ba858d,97e5804cf7e1b48761b23e4308a76613b179e2bff2dc9381f40883a8e717e721,6a752b6943ce54f388bac10bb2e3280503ba7a2a5e6c1a5c095b9d5e12b1d24f,SOUTH,326,3.0,1,1,0,1,1,1,1,1,1,44488.36,1
89,Omeprazole 20mg,ANTIDEPRESSANT,CREAM,PharmaCo Ltd,BATCH-6601,276,35083,800.62,19.5,644.5,143195.01,2026-01-30,2023-08-23,6d1f4fbbdc69d6b1820a56e4c9ee7acdb4e702585fec90ca0fdbc47edd8bae83,38212dc515a959201eebcd46f4023805f5a29b1f546fd2cdef3db2b80ede76cd,2259847c9c3cafe7ba3e3b746dde3733c1d9aa6c07a9cb9e62d39fcf1724c0f8,560348a40ecc751dccc897564d8003ec6b5b8b4b94dcd8d4f389e29f4287e414,SOUTH,631,4.8,1,1,0,1,1,1,1,1,1,177882.0,1
90,Amlodipine 5mg,ANTIDIABETIC,CREAM,BioSynth Corp,BATCH-7569,28,26496,638.97,22.2,497.12,10829.2621,2024-10-30,2023-03-21,58b49e0de443112a612199d321ec7e5d956eaa40dbe1c4b3c3ec093d0a102896,188492b7d2dafb0157f7b2611fdae072aaab176e6bba6ffbc1b459dac64a2141,,e65d0da361f11b98e6ba83bc7d92c64b6d60008de25da2db236191f7f6ceb6f7,NORTH,544,3.2,0,1,0,1,1,1,1,1,1,13919.36,1
91,Escitalopram 10mg,STATIN,SYRUP,HealthPlus,BATCH-2610,472,6991,987.18,18.6,803.56,308734.1805,2026-01-09,2024-12-04,6d1f4fbbdc69d6b1820a56e4c9ee7acdb4e702585fec90ca0fdbc47edd8bae83,a96577aea1a397b6b7035cd71e09cdd0b17645c36bbd9417140f301d482ccd0b,a09fa3a28f182365cce7d2d587810c7dff785306a7e3cbf2fc55b87942f56e1b,c8209aaa43002236fe5ffb76dd0dc9ed64c44fcd5162e83d2ef1d377b9c53c6c,EAST,904,4.7,1,1,0,1,1,1,1,1,1,379280.32,1
92,Lisinopril 10mg,ANTIBIOTIC,CREAM,GlobalPharma,BATCH-4063,186,51569,958.77,6.7,894.53,155234.9471,2026-09-20,2024-10-06,6d1f4fbbdc69d6b1820a56e4c9ee7acdb4e702585fec90ca0fdbc47edd8bae83,8148f1c47c86b5b551a40e365e66384dec0d6819d67eafa8f1c2898a6870470c,69e25f47a519af33aa4f4b90a146dba50e6f13911f251a8123dc7821e92a7008,85630d7eb70bedb3374d828b0b1b8c4498b16c08d3bb185043773ffcaf058d82,SOUTH,620,3.1,1,1,0,1,1,1,1,1,1,166382.58,1
93,Amoxicillin 500mg,ANALGESIC,CREAM,GlobalPharma,BATCH-9609,121,71121,1416.88,20.6,1125.0,108083.25,2027-12-11,2024-04-01,65c24adfc4469fd3fd69fa7ee5e27a3068fab1971a962e2cfe0f18debb15ea94,1eb4aa4d6dc5c718af53ec3a7ba943259e942b59bdd82c4a13c021ea15d75bc8,c5b73ba5e9e41f9a8b245d1eaa34fa8080909dc52b137bef36899716d9a35ee1,d53607606c0c53129a104f39a8631889f40b61effe76df32ff80b2cf007bc4aa,CENTRAL,344,3.6,1,1,0,1,1,1,1,1,1,136125.0,1
94,Losartan 50mg,STATIN,TABLET,HealthPlus,BATCH-1779,183,31822,744.13,7.5,688.32,116515.368,2024-07-04,2023-05-13,86782b4fdaf346793cd9c3ef68e1a9be940acf7be2a7105ed7aa72aad66a5cd4,188492b7d2dafb0157f7b2611fdae072aaab176e6bba6ffbc1b459dac64a2141,bc104fef7e7f73922725bc3061a3372be1a6d73d87e9303c00187f0cbd149d08,250bb606612709e4fcbd9c5e4efac83627c426146e1efc528bce4de0ed69b391,EAST,815,4.9,1,1,0,1,1,1,1,1,1,125962.56,1
95,Ciprofloxacin 500mg,ANTIBIOTIC,CAPSULE,MediGen Inc,BATCH-8043,498,14178,165.53,1.2,163.54,80465.605,2020-06-15,2023-11-29,e95decda082e2fca434ced3c2975bd2586a5fd85e2998496d3a338e65b7aee90,94ceedc241a0ee7c0968cc3298179a8afdc5fa52355bbca3ba9728a2a182fbcc,8bed5861928ad7b04ce376cc0186220413efda451c3bffc9ce13197e8a5a0f99,3f76b5ed099ad8e386382f2cde2c8a799244ceb8c769f1a5c8a7725ee80599e4,EAST,727,3.7,1,1,0,1,1,1,1,1,1,81442.92,1
96,Amoxicillin 500mg,ANTIDEPRESSANT,CAPSULE,CureMed,BATCH-5487,469,53552,1255.85,2.7,1221.94,557616.4338,2024-04-20,2023-01-02,6d1f4fbbdc69d6b1820a56e4c9ee7acdb4e702585fec90ca0fdbc47edd8bae83,6b8583a0dd7513270671e3c9021495a57d8fa1707fc5b79a672810e0adbece45,40ca9f3b1a8c1550b97900e131ff641e52fc4062ab651a6b938937cce4935eb5,5a8ff9e6b9fe750ce434d2b1d44f154d47f0b22fee4ccaee8c28caa8bf6faa2d,CENTRAL,49,4.8,1,1,0,1,1,1,1,1,1,573089.86,1
97,Sertraline 50mg,ANTIHYPERTENSIVE,CAPSULE,HealthPlus,BATCH-2436,430,47829,1123.73,8.7,1025.97,402785.5623,2027-04-04,2024-02-22,65c24adfc4469fd3fd69fa7ee5e27a3068fab1971a962e2cfe0f18debb15ea94,5d926ced20b056a11e3687c9aec28170f4908711fcb2f0760af9b2ce8921be9d,d6d2da24b77a4928e4e21d976348c3f9d2b6d247da5895506e13a206b7d8ff21,a0b1ccaacc2b487235dff13c1eda39c862770cd99c3d84b821e102c8e77880f2,SOUTH,458,3.6,1,1,0,1,1,1,1,1,1,441167.1,1
98,Losartan 50mg,PPI,SYRUP,GlobalPharma,BATCH-9520,122,58624,1218.11,13.8,1050.01,110423.2516,2026-02-02,2023-08-09,86782b4fdaf346793cd9c3ef68e1a9be940acf7be2a7105ed7aa72aad66a5cd4,410a0fa3a706bb84402cc6276f7e646847b09ef85647e75a80cd7213fd8154aa,6ee89ce6c85205e5cc640b60c6161f289885793698ab51569591c470b1d8b4a4,9c9b84c036a725e2bcec53b8efe9a0b1e69cb5abd5130fa7f9aefb72d7f51367,EAST,450,4.0,1,1,0,1,1,1,1,1,1,128101.22,1
99,Ibuprofen 400mg,PPI,SYRUP,MediGen Inc,BATCH-5262,99,2338,354.56,7.4,328.32,30098.4077,2026-05-26,2024-11-20,86782b4fdaf346793cd9c3ef68e1a9be940acf7be2a7105ed7aa72aad66a5cd4,1eb4aa4d6dc5c718af53ec3a7ba943259e942b59bdd82c4a13c021ea15d75bc8,c5b73ba5e9e41f9a8b245d1eaa34fa8080909dc52b137bef36899716d9a35ee1,848bd70fa7da7cc4c2001fdcc19ea6458ac140e618f53695d15f10991a8ba6b6,NORTH,410,3.4,1,1,0,1,1,1,1,1,1,32503.68,1
100,Amlodipine 5mg,ANTIBIOTIC,CREAM,GlobalPharma,BATCH-4793,37,2677,47.95,13.6,41.43,1324.4342,2027-05-27,2023-08-11,e95decda082e2fca434ced3c2975bd2586a5fd85e2998496d3a338e65b7aee90,7aa75cf8372f20e82d020e6336ad7f87bc3af54eadbb3daf2397d0767c2abaed,aa731f5d35d88bb949c9cde3a9f61b92744e9fb621e4701976c78a7403923d72,0e8a21a90fd4eba70ed0ce4f32ef820cc43b3f1e86c8f7bf06eb0a7689f19d5c,EAST,503,5.0,1,1,0,1,1,1,1,1,0,1532.91,1
101,Ibuprofen 400mg,ANTIBIOTIC,DROPS,BioSynth Corp,BATCH-6436,307,66026,837.12,3.0,812.01,241808.4579,2024-12-19,2023-07-28,a7e9ba96743a31b35bf0bfc487847264be25540f3d170dd0a026f9f22c01ac18,1eb4aa4d6dc5c718af53ec3a7ba943259e942b59bdd82c4a13c021ea15d75bc8,c5b73ba5e9e41f9a8b245d1eaa34fa8080909dc52b137bef36899716d9a35ee1,99f021452d0cbed63943397db7b56b718e7bbe3821089cc9797c5902a84a87d6,NORTH,149,4.1,1,1,0,1,1,1,1,1,1,249287.07,1
102,Azithromycin 250mg,ANALGESIC,CAPSULE,BioSynth Corp,BATCH-4039,433,60809,1487.99,9.2,1351.09,531199.9488,2025-06-27,2023-04-28,6d1f4fbbdc69d6b1820a56e4c9ee7acdb4e702585fec90ca0fdbc47edd8bae83,1eb4aa4d6dc5c718af53ec3a7ba943259e942b59bdd82c4a13c021ea15d75bc8,c5b73ba5e9e41f9a8b245d1eaa34fa8080909dc52b137bef36899716d9a35ee1,436a9e8cfca7ad2be6b6ca49a558af2fac4f45eb97b8b15359ed6eed7b4a1c5c,EAST,651,3.6,1,1,0,1,1,1,1,1,1,99999.99,1
103,Azithromycin 250mg,ANALGESIC,SYRUP,GlobalPharma,BATCH-5418,463,42806,814.28,16.1,683.18,265386.0533,2025-11-18,2024-09-23,e95decda082e2fca434ced3c2975bd2586a5fd85e2998496d3a338e65b7aee90,20ac4cc9b2a39b2e663e5e9a17e28927b5fa23c075c71f87a0360cc175b2f8cd,038f4df0d7f3dda70eae8c70611042c9485743426111277c5b232e55f983af40,037c0dac4d3b7290a84a2d14db59e988c66d11461bcf5cdaa212ccb459de60df,NORTH,851,3.7,1,1,0,1,1,1,1,1,1,316312.34,1
104,Pantoprazole 40mg,ANTIDEPRESSANT,INJECTION,BioSynth Corp,BATCH-2077,214,15226,268.24,8.0,246.78,48586.0464,2027-06-02,2024-03-23,58b49e0de443112a612199d321ec7e5d956eaa40dbe1c4b3c3ec093d0a102896,8fa935f2abfc80dc3fcf9f0980aef9d85c48a4c5b7add71d41377d1b80c8fa75,477b942397d96b2f2dbb52e57cee7831e4610c7f203131e3130a7a7f7e1e24a1,c7da59bdc2539505fd631716942953ee6b8904ac7527502206be33964d631717,EAST,120,4.7,1,1,0,1,1,1,1,1,1,52810.92,1
105,Omeprazole 20mg,ANTIBIOTIC,SYRUP,MediGen Inc,BATCH-8274,285,31254,350.05,23.1,269.19,58997.0264,2024-03-25,2023-01-01,6d1f4fbbdc69d6b1820a56e4c9ee7acdb4e702585fec90ca0fdbc47edd8bae83,8fa935f2abfc80dc3fcf9f0980aef9d85c48a4c5b7add71d41377d1b80c8fa75,477b942397d96b2f2dbb52e57cee7831e4610c7f203131e3130a7a7f7e1e24a1,492f35855b9dfd3bda9c0637b5b954380ae3a6beda2594eeb1808d6c541267e6,SOUTH,435,3.8,1,1,0,1,1,1,1,1,1,76719.15,1
106,Ibuprofen 400mg,ANALGESIC,DROPS,GlobalPharma,BATCH-3023,285,50793,871.39,3.1,844.38,233188.2027,2026-07-15,2023-08-07,65c24adfc4469fd3fd69fa7ee5e27a3068fab1971a962e2cfe0f18debb15ea94,188492b7d2dafb0157f7b2611fdae072aaab176e6bba6ffbc1b459dac64a2141,bc104fef7e7f73922725bc3061a3372be1a6d73d87e9303c00187f0cbd149d08,109977e3c5368f5d0fafe1f3bca0e619270f3697ff6bcbfe103034bc425371b2,NORTH,898,3.5,1,1,0,1,1,1,1,1,1,240648.3,1
107,Lisinopril 10mg,ANTIDIABETIC,INJECTION,MediGen Inc,BATCH-1525,214,46134,715.95,17.3,592.09,104786.904,2025-04-08,2024-10-18,05e53f73e1a416e4f86a7a302d698e7583d318f025ccf99e2ef94c3461fb209b,6ccd9e188a7066c4efd3822b1be00e28fdb4a1d57032ff05844fcfea62b6b1e2,2b236b291b7123d47425a2f591e7f065837351804ad956324b9cc8489c30e393,5bf22337d1410551f386d27fa537603f7d8095517d712273cbe1f7c84c44a755,CENTRAL,123,4.0,1,1,0,1,1,1,1,1,1,126707.26,1
108,Metformin 500mg,ANTIDIABETIC,SYRUP,CureMed,BATCH-3263,193,51083,1055.46,0.2,1053.35,202889.9569,2026-08-30,2024-08-24,a7e9ba96743a31b35bf0bfc487847264be25540f3d170dd0a026f9f22c01ac18,455e0ed664c0d9181f64ec349454f8b089c21a5aebf6244f9b97711c3627bc28,7dadee549c0098b5cb40b59c114e291dd2999ace60fe1577485e19123020d589,6b2fbac615e7ac0e6764801e1d4093d901f4cf63d992a32ab3220d9e80dee922,NORTH,114,3.1,1,1,0,1,1,1,1,1,1,203296.55,1
109,Paracetamol 500mg,ANTIHYPERTENSIVE,DROPS,PharmaCo Ltd,BATCH-8530,210,15578,334.59,21.3,263.32,43518.8964,2024-02-25,2023-06-22,f40b3b86a04651a58b101e4f96d452428150e4dd0bc2d2d44ae4e705fa2b9ff1,7b0b1ea5bf0e684f8717d31176c969d6bb994bec155831cbe289ad17a2ba858d,97e5804cf7e1b48761b23e4308a76613b179e2bff2dc9381f40883a8e717e721,4a9ddf35f60d6a0d9e60073d71355274e754516634ebb37015a981f94c95dd63,WEST,800,3.1,1,1,0,1,1,1,1,1,1,55297.2,1
110,Amlodipine 5mg,ANALGESIC,DROPS,HealthPlus,BATCH-1164,484,TBD,60.58,7.2,56.22,25251.3254,2026-02-05,2023-03-14,6d1f4fbbdc69d6b1820a56e4c9ee7acdb4e702585fec90ca0fdbc47edd8bae83,82bff005fbeb0685f25a2294ed4b57c84cd650d73264633bcc65d8a87121c598,33f3a5929293c65dd06b18a8fb77ecedd549a03a522e596fdfd77e304857ed29,9759a2e57da099a386a9014d681861d093010948f04c9a5f57a6bc573a544663,WEST,723,3.5,1,1,0,1,1,1,1,1,1,27210.48,1
111,Azithromycin 250mg,ANTIBIOTIC,SYRUP,GlobalPharma,BATCH-9279,492,1614,30.38,10.4,27.22,11999.447,2027-12-17,2023-11-29,e95decda082e2fca434ced3c2975bd2586a5fd85e2998496d3a338e65b7aee90,baa58ed6d7b6e21560caf92ad631693c2f38656d5c24c4548790946e6adf6979,99d15170a8431958ff5f7cc33f277f4d53be6ba824fb9c0714eb7a68d2d777fc,52b7c27a2d9bc498fde1bfdc5b30f3ba1db5f94952bd982b73f94d9a9e4a12ed,SOUTH,548,3.8,1,1,0,1,1,1,1,1,1,13392.24,1
112,Sertraline 50mg,ANTIBIOTIC,TABLET,MediGen Inc,BATCH-5802,232,4243,774.42,17.2,641.22,123175.7971,2025-05-14,2023-12-25,fe8bdd6abdf5b660b0889cfb2d280a96e398770ef1d08ed11abc858b81bbd978,,ce7229910cc623c7bc18efa9711bd3e7779c5c8f71e50e325d251053bef1d027,a9f744b48834eb3b483ad51e495786aa2e7932137fecf4aa4b5dc3ef3916a783,EAST,233,4.5,1,1,0,1,1,1,1,1,1,148763.04,1
113,Amoxicillin 500mg,ANTIDEPRESSANT,CREAM,HealthPlus,BATCH-8851,483,40857,993.5,0.5,988.53,475072.69,2026-12-10,2023-11-11,58b49e0de443112a612199d321ec7e5d956eaa40dbe1c4b3c3ec093d0a102896,188492b7d2dafb0157f7b2611fdae072aaab176e6bba6ffbc1b459dac64a2141,bc104fef7e7f73922725bc3061a3372be1a6d73d87e9303c00187f0cbd149d08,61c7b439d89db47159eef1fedcb4590938486bd63ec81928a9af7c15ff6db3ad,SOUTH,35,4.0,1,1,0,1,1,1,1,1,1,477459.99,1
114,Metformin 500mg,ANALGESIC,DROPS,MediGen Inc,BATCH-5100,218,15588,218.66,19.3,176.46,31043.902,2025-01-10,2024-03-15,6d1f4fbbdc69d6b1820a56e4c9ee7acdb4e702585fec90ca0fdbc47edd8bae83,1eb4aa4d6dc5c718af53ec3a7ba943259e942b59bdd82c4a13c021ea15d75bc8,c5b73ba5e9e41f9a8b245d1eaa34fa8080909dc52b137bef36899716d9a35ee1,534780f51ad5088871caa2542bd89a23b2efbb80b20222468b29fec130c2c906,EAST,249,4.3,1,1,0,1,1,1,1,1,1,38468.28,1
115,Doxycycline 100mg,ANTIDEPRESSANT,CAPSULE,CureMed,BATCH-3472,475,72514,1681.32,19.8,1348.42,513680.599,2027-11-12,2023-10-19,2fccf9449f9448f22efcffa4705e32b62186326b01e78d01915f8f7084bb9475,5d926ced20b056a11e3687c9aec28170f4908711fcb2f0760af9b2ce8921be9d,d6d2da24b77a4928e4e21d976348c3f9d2b6d247da5895506e13a206b7d8ff21,8e5bf8e65f548ed6320ee2a0a6d1ab00989f14440dc63cdea58379275c54a73a,CENTRAL,247,4.3,1,1,0,1,1,1,1,1,1,640499.5,1
116,Metformin 500mg,ANTIBIOTIC,INJECTION,MediGen Inc,BATCH-2350,245,67942,1252.41,3.6,1207.32,285144.8376,2025-04-13,2024-07-03,2fccf9449f9448f22efcffa4705e32b62186326b01e78d01915f8f7084bb9475,6b8583a0dd7513270671e3c9021495a57d8fa1707fc5b79a672810e0adbece45,40ca9f3b1a8c1550b97900e131ff641e52fc4062ab651a6b938937cce4935eb5,511c3beb9334f27adcc42c9e3308c55d83ad851ecd2fafe2ce3dc7a7c911c5ee,SOUTH,578,3.7,1,1,0,1,1,1,1,1,1,295793.4,1
117,Losartan 50mg,STATIN,TABLET,MediGen Inc,BATCH-6384,175,231,39.87,8.6,36.44,5828.578,2027-11-04,2024-03-02,58b49e0de443112a612199d321ec7e5d956eaa40dbe1c4b3c3ec093d0a102896,8eee14670827a1292426e924499c5cbcd0014e38d54ba9ef2e7630e4a73fc6c2,f72dac6569b0c430707d0040fbf2325304a9b58262365458f1bb39f297375b54,469b87e4d7ba115cc0b0cae348bedbe87d183b96c596f6f1c4241d79d640fa22,WEST,113,3.6,1,1,0,1,1,1,1,1,1,6377.0,1
118,Lisinopril 10mg,ANTIHYPERTENSIVE,TABLET,PharmaCo Ltd,BATCH-3308,175,56296,1101.58,18.9,893.38,126792.9565,2025-12-05,2023-03-04,05e53f73e1a416e4f86a7a302d698e7583d318f025ccf99e2ef94c3461fb209b,6b8583a0dd7513270671e3c9021495a57d8fa1707fc5b79a672810e0adbece45,40ca9f3b1a8c1550b97900e131ff641e52fc4062ab651a6b938937cce4935eb5,2bc5c3806644c9458057062b851613df96b7b981b4a5fad0c04fadf85982264e,CENTRAL,248,3.5,1,1,0,1,1,1,1,1,1,156341.5,1
119,Atorvastatin 20mg,PPI,INJECTION,HealthPlus,BATCH-7741,94,34137,762.15,21.6,597.53,44035.5709,2025-01-25,2023-11-06,f40b3b86a04651a58b101e4f96d452428150e4dd0bc2d2d44ae4e705fa2b9ff1,6b8583a0dd7513270671e3c9021495a57d8fa1707fc5b79a672810e0adbece45,40ca9f3b1a8c1550b97900e131ff641e52fc4062ab651a6b938937cce4935eb5,3bffd4484e5a25b20cf77b504cbe549adfadb73f8265e9b2d334a6c9d287d04f,NORTH,218,4.5,1,1,0,1,1,1,1,1,1,56167.82,1
120,Losartan 50mg,ANALGESIC,TABLET,CureMed,BATCH-7314,433,31394,478.24,21.3,376.37,128255.9813,2026-02-04,2024-12-24,e95decda082e2fca434ced3c2975bd2586a5fd85e2998496d3a338e65b7aee90,94ceedc241a0ee7c0968cc3298179a8afdc5fa52355bbca3ba9728a2a182fbcc,,5aa04472065e7e2332c03e5cfb82f22e507a8820f145a2fe00f801e593857bd2,SOUTH,271,3.8,0,1,0,1,1,1,1,1,1,162968.21,1
121,Metformin 500mg,ANTIHYPERTENSIVE,SYRUP,BioSynth Corp,BATCH-7553,210,11257,155.13,15.8,130.62,23096.2284,2024-05-10,2023-11-19,fe8bdd6abdf5b660b0889cfb2d280a96e398770ef1d08ed11abc858b81bbd978,8eee14670827a1292426e924499c5cbcd0014e38d54ba9ef2e7630e4a73fc6c2,f72dac6569b0c430707d0040fbf2325304a9b58262365458f1bb39f297375b54,5f7b451647d8444b28c84843087fe9009655b054e01c5ede0c8ad8047deb1f74,CENTRAL,964,3.7,1,1,0,1,1,1,1,1,1,27430.2,1
122,Rosuvastatin 10mg,ANTIHYPERTENSIVE,DROPS,PharmaCo Ltd,BATCH-3432,27,73656,1580.2,8.1,1452.2,36033.4386,2025-05-05,2024-02-18,6d1f4fbbdc69d6b1820a56e4c9ee7acdb4e702585fec90ca0fdbc47edd8bae83,8bd1f2a38f515fd5b7a7a69b9e104899d0e50f3a6f144e62d67e7445159d7b86,6af662d1ce8848f4ea349724c30cb2598b8b5c37fe45267b3a12cbe45da475fb,9c7c465be94b2471ababb149fb8983fdd446474cb1ea7f23cc0a2a28ba4c3048,EAST,270,3.1,1,1,0,1,1,1,1,1,1,39209.4,1
123,Paracetamol 500mg,ANTIHYPERTENSIVE,SYRUP,HealthPlus,BATCH-5271,242,983,188.11,21.0,148.61,28411.2598,2025-09-05,2023-08-06,fe8bdd6abdf5b660b0889cfb2d280a96e398770ef1d08ed11abc858b81bbd978,410a0fa3a706bb84402cc6276f7e646847b09ef85647e75a80cd7213fd8154aa,6ee89ce6c85205e5cc640b60c6161f289885793698ab51569591c470b1d8b4a4,d3072f19701821593df5f277bde2cbbc178bdd0c3986ca54209d56bbd28d6ee8,SOUTH,715,4.5,1,1,0,1,1,1,1,1,1,35963.62,1
124,Atorvastatin 20mg,ANALGESIC,INJECTION,MediGen Inc,BATCH-2804,137,4781,53.17,4.6,50.72,6629.0026,2027-11-08,2023-10-15,a7e9ba96743a31b35bf0bfc487847264be25540f3d170dd0a026f9f22c01ac18,6b8583a0dd7513270671e3c9021495a57d8fa1707fc5b79a672810e0adbece45,40ca9f3b1a8c1550b97900e131ff641e52fc4062ab651a6b938937cce4935eb5,88a2a5b90dcd81f3ba7eac42394d0a58bef9b1cf29084d1f0dbb09d69337b15b,NORTH,902,3.6,1,1,0,1,1,1,1,1,1,6948.64,1
125,Pantoprazole 40mg,ANTIBIOTIC,SYRUP,CureMed,BATCH-3822,411,58284,719.54,11.3,638.23,232671.2141,2027-03-25,2023-02-01,58b49e0de443112a612199d321ec7e5d956eaa40dbe1c4b3c3ec093d0a102896,6ccd9e188a7066c4efd3822b1be00e28fdb4a1d57032ff05844fcfea62b6b1e2,2b236b291b7123d47425a2f591e7f065837351804ad956324b9cc8489c30e393,137246309461376fc5fb9c83ee30a59ac0d341560cae7661fa26204892f71e39,CENTRAL,994,3.3,1,1,0,1,1,1,1,1,1,262312.53,1
126,Doxycycline 100mg,ANTIDIABETIC,DROPS,MediGen Inc,BATCH-2523,225,2806,35.41,19.6,28.47,5150.223,2024-02-21,2024-05-06,6d1f4fbbdc69d6b1820a56e4c9ee7acdb4e702585fec90ca0fdbc47edd8bae83,8bd1f2a38f515fd5b7a7a69b9e104899d0e50f3a6f144e62d67e7445159d7b86,6af662d1ce8848f4ea349724c30cb2598b8b5c37fe45267b3a12cbe45da475fb,62704f64efe5e7227d324368b5532686caa93f62c6fabfba050a03b1920736fd,NORTH,473,3.2,1,1,0,1,1,1,1,1,1,6405.75,1
127,Rosuvastatin 10mg,ANTIBIOTIC,DROPS,MediGen Inc,BATCH-6689,106,1269,297.52,7.4,275.5,27041.978,2025-04-06,2023-06-30,2fccf9449f9448f22efcffa4705e32b62186326b01e78d01915f8f7084bb9475,8148f1c47c86b5b551a40e365e66384dec0d6819d67eafa8f1c2898a6870470c,69e25f47a519af33aa4f4b90a146dba50e6f13911f251a8123dc7821e92a7008,3b755409251104f0180157594b69671d5822e01df097debd315dab7d7fb5aea6,CENTRAL,677,4.8,1,1,0,1,1,1,1,1,1,29203.0,1
128,Amlodipine 5mg,ANALGESIC,CREAM,MediGen Inc,BATCH-4221,186,33501,773.57,18.6,629.69,95337.5848,2024-08-18,2023-01-04,a7e9ba96743a31b35bf0bfc487847264be25540f3d170dd0a026f9f22c01ac18,38212dc515a959201eebcd46f4023805f5a29b1f546fd2cdef3db2b80ede76cd,2259847c9c3cafe7ba3e3b746dde3733c1d9aa6c07a9cb9e62d39fcf1724c0f8,5c1ab79698967e8141d6f366884a15296d6e4b8ce3dec7b557e3035cacbdd5a9,EAST,845,4.7,1,1,0,1,1,1,1,1,1,117122.34,1
129,Doxycycline 100mg,ANALGESIC,SYRUP,CureMed,BATCH-1092,90,18112,364.45,14.8,310.51,23809.9068,2027-10-15,2023-12-19,58b49e0de443112a612199d321ec7e5d956eaa40dbe1c4b3c3ec093d0a102896,410a0fa3a706bb84402cc6276f7e646847b09ef85647e75a80cd7213fd8154aa,6ee89ce6c85205e5cc640b60c6161f289885793698ab51569591c470b1d8b4a4,18ebf7820c638354a263803c80ab77db7920b10227df5d4c913204f156bbfe73,CENTRAL,563,3.2,1,1,0,1,1,1,1,1,1,27945.9,1
130,Azithromycin 250mg,ANTIDEPRESSANT,INJECTION,BioSynth Corp,BATCH-9273,422,27007,484.13,6.5,452.66,178606.0562,2020-06-15,2024-07-13,05e53f73e1a416e4f86a7a302d698e7583d318f025ccf99e2ef94c3461fb209b,5d926ced20b056a11e3687c9aec28170f4908711fcb2f0760af9b2ce8921be9d,d6d2da24b77a4928e4e21d976348c3f9d2b6d247da5895506e13a206b7d8ff21,8d5b5be77540618293072d94571bb3a7cc352ffbc4ec3f4141bdb415655f05b5,SOUTH,902,4.8,1,1,0,1,1,1,1,1,1,191022.52,1
131,Paracetamol 500mg,ANTIDEPRESSANT,TABLET,GlobalPharma,BATCH-5461,215,67654,1161.78,19.1,939.88,163478.0278,2026-08-19,2023-08-25,fe8bdd6abdf5b660b0889cfb2d280a96e398770ef1d08ed11abc858b81bbd978,410a0fa3a706bb84402cc6276f7e646847b09ef85647e75a80cd7213fd8154aa,6ee89ce6c85205e5cc640b60c6161f289885793698ab51569591c470b1d8b4a4,498e9df429e02532b61c1315f8f174210312f949b097f0e01dee8393fb9c5fdf,WEST,522,4.7,1,1,0,1,1,1,1,1,1,202074.2,1
132,Doxycycline 100mg,ANTIDEPRESSANT,INJECTION,BioSynth Corp,BATCH-6850,495,11441,266.37,23.9,202.71,76359.8434,2027-01-02,2024-01-24,a7e9ba96743a31b35bf0bfc487847264be25540f3d170dd0a026f9f22c01ac18,8eee14670827a1292426e924499c5cbcd0014e38d54ba9ef2e7630e4a73fc6c2,f72dac6569b0c430707d0040fbf2325304a9b58262365458f1bb39f297375b54,db01c43dfeaf718e00ea92d315fc6fb9a4c9e97099ab3f777839688a0dae4dd4,CENTRAL,706,3.3,1,1,0,1,1,1,1,1,1,100341.45,1
133,Amlodipine 5mg,ANTIHYPERTENSIVE,CREAM,GlobalPharma,BATCH-5863,64,48457,811.43,24.0,616.69,29995.8016,2026-04-11,2024-10-25,a7e9ba96743a31b35bf0bfc487847264be25540f3d170dd0a026f9f22c01ac18,8eee14670827a1292426e924499c5cbcd0014e38d54ba9ef2e7630e4a73fc6c2,f72dac6569b0c430707d0040fbf2325304a9b58262365458f1bb39f297375b54,a646c51182042968a485f716ebc16affb0a7fee6d695d1c542124e5e049ea30e,CENTRAL,643,5.0,1,1,0,1,1,1,1,1,1,39468.16,1
134,Amlodipine 5mg,ANTIHYPERTENSIVE,SYRUP,PharmaCo Ltd,BATCH-3367,177,73972,1780.79,5.9,1675.72,279102.896,2027-08-27,2023-08-05,65c24adfc4469fd3fd69fa7ee5e27a3068fab1971a962e2cfe0f18debb15ea94,94ceedc241a0ee7c0968cc3298179a8afdc5fa52355bbca3ba9728a2a182fbcc,8bed5861928ad7b04ce376cc0186220413efda451c3bffc9ce13197e8a5a0f99,f023c0f64e39b152a596adbff71792b358afc95ada9328d332ceb63d761cc4d5,CENTRAL,890,4.8,1,1,0,1,1,1,1,1,1,296602.44,1
135,Doxycycline 100mg,ANALGESIC,INJECTION,HealthPlus,BATCH-9524,105,49154,591.49,19.6,475.56,40146.7752,2026-04-11,2023-11-21,f40b3b86a04651a58b101e4f96d452428150e4dd0bc2d2d44ae4e705fa2b9ff1,82bff005fbeb0685f25a2294ed4b57c84cd650d73264633bcc65d8a87121c598,33f3a5929293c65dd06b18a8fb77ecedd549a03a522e596fdfd77e304857ed29,2574c656fe99c3e1d2245dd1e406c94b661e073fb6fdd8ed2b05598cf076e382,WEST,-338,3.5,1,1,0,1,1,1,1,1,1,49933.8,1
136,Paracetamol 500mg,ANALGESIC,CAPSULE,PharmaCo Ltd,BATCH-5831,100,42384,817.89,4.4,781.9,74749.64,2024-08-30,2024-05-25,65c24adfc4469fd3fd69fa7ee5e27a3068fab1971a962e2cfe0f18debb15ea94,410a0fa3a706bb84402cc6276f7e646847b09ef85647e75a80cd7213fd8154aa,6ee89ce6c85205e5cc640b60c6161f289885793698ab51569591c470b1d8b4a4,aae5e14137059cb5b13520e0ee3ef45befe3ae4cd992271ecb45d33f381ec5c1,NORTH,395,3.8,1,1,0,1,1,1,1,1,1,78190.0,1
137,Lisinopril 10mg,ANTIHYPERTENSIVE,DROPS,PharmaCo Ltd,BATCH-9102,49,1229,224.8,6.6,209.96,9609.0294,2025-08-01,2024-12-24,a7e9ba96743a31b35bf0bfc487847264be25540f3d170dd0a026f9f22c01ac18,410a0fa3a706bb84402cc6276f7e646847b09ef85647e75a80cd7213fd8154aa,6ee89ce6c85205e5cc640b60c6161f289885793698ab51569591c470b1d8b4a4,718c1b1f2ac0271931f21fcd60a09198933326a7af6f7223aeb4b5bce9c4910d,WEST,445,3.7,1,1,0,1,1,1,1,1,1,10288.04,1
138,Escitalopram 10mg,ANTIBIOTIC,TABLET,MediGen Inc,BATCH-8556,395,42642,950.34,5.5,898.07,335227.0792,2027-05-22,2023-08-28,05e53f73e1a416e4f86a7a302d698e7583d318f025ccf99e2ef94c3461fb209b,8bd1f2a38f515fd5b7a7a69b9e104899d0e50f3a6f144e62d67e7445159d7b86,6af662d1ce8848f4ea349724c30cb2598b8b5c37fe45267b3a12cbe45da475fb,8c7d6749a7fba52ba9bca2b0663e64620451560a949303f2372a3e13969d4407,SOUTH,299,3.5,1,1,0,1,1,1,1,1,1,354737.65,1
139,Rosuvastatin 10mg,ANTIBIOTIC,SYRUP,PharmaCo Ltd,BATCH-5389,137,9488,204.66,22.9,157.79,16666.8843,2027-07-09,2024-11-19,65c24adfc4469fd3fd69fa7ee5e27a3068fab1971a962e2cfe0f18debb15ea94,baa58ed6d7b6e21560caf92ad631693c2f38656d5c24c4548790946e6adf6979,99d15170a8431958ff5f7cc33f277f4d53be6ba824fb9c0714eb7a68d2d777fc,dedabc31fd3719024ac3eb81964757bf54a8744bb9eb0afe36bfa77b6a65f4f4,SOUTH,470,3.8,1,1,0,1,1,1,1,1,1,21617.23,1
140,Paracetamol 500mg,ANTIDIABETIC,CREAM,MediGen Inc,BATCH-8716,57,63453,837.46,13.1,727.75,36047.6408,2025-03-08,2023-05-12,f40b3b86a04651a58b101e4f96d452428150e4dd0bc2d2d44ae4e705fa2b9ff1,8bd1f2a38f515fd5b7a7a69b9e104899d0e50f3a6f144e62d67e7445159d7b86,6af662d1ce8848f4ea349724c30cb2598b8b5c37fe45267b3a12cbe45da475fb,f48fb1e94e87ed6c37d00ed78da6d4473223dabbf3df85d876fe48b0e7a3b25d,EAST,53,0.0,1,1,0,1,1,1,1,1,1,41481.75,1
141,Paracetamol 500mg,ANALGESIC,INJECTION,MediGen Inc,BATCH-9151,344,71029,1349.94,21.6,1058.35,285432.7616,2025-07-07,2024-08-03,fe8bdd6abdf5b660b0889cfb2d280a96e398770ef1d08ed11abc858b81bbd978,6b8583a0dd7513270671e3c9021495a57d8fa1707fc5b79a672810e0adbece45,40ca9f3b1a8c1550b97900e131ff641e52fc4062ab651a6b938937cce4935eb5,756a1f8826dcb90bacdd8cd2448a461573ccafe7fbe30b0b365ae31ba6e486cf,WEST,645,4.1,1,1,0,1,1,1,1,1,1,364072.4,1
142,Amlodipine 5mg,ANTIHYPERTENSIVE,CAPSULE,GlobalPharma,BATCH-5824,384,42154,1011.56,13.8,871.96,288625.7357,2025-05-10,2024-09-26,fe8bdd6abdf5b660b0889cfb2d280a96e398770ef1d08ed11abc858b81bbd978,188492b7d2dafb0157f7b2611fdae072aaab176e6bba6ffbc1b459dac64a2141,bc104fef7e7f73922725bc3061a3372be1a6d73d87e9303c00187f0cbd149d08,53c45ba26d82a1b1ec96805f8f061a862c7fffcf0c9bde874eef69353d6ed467,SOUTH,780,4.5,1,1,0,1,1,1,1,1,1,334832.64,1
143,Amoxicillin 500mg,ANTIDIABETIC,TABLET,PharmaCo Ltd,BATCH-2699,241,67658,1133.83,15.2,961.49,196497.7883,2027-08-28,2023-03-11,6d1f4fbbdc69d6b1820a56e4c9ee7acdb4e702585fec90ca0fdbc47edd8bae83,6b8583a0dd7513270671e3c9021495a57d8fa1707fc5b79a672810e0adbece45,40ca9f3b1a8c1550b97900e131ff641e52fc4062ab651a6b938937cce4935eb5,733ca98faa2a89e64ef4058dd07434640ab5f31b960664d6ffdf23579c374d88,NORTH,455,4.2,1,1,0,1,1,1,1,1,1,231719.09,1
144,Paracetamol 500mg,PPI,INJECTION,BioSynth Corp,BATCH-6460,209,44083,901.31,10.4,807.57,151228.7885,2025-10-01,2023-02-11,e95decda082e2fca434ced3c2975bd2586a5fd85e2998496d3a338e65b7aee90,188492b7d2dafb0157f7b2611fdae072aaab176e6bba6ffbc1b459dac64a2141,bc104fef7e7f73922725bc3061a3372be1a6d73d87e9303c00187f0cbd149d08,51e8e656c725f48d03b3d38f56def3766b4cf30ddbf941bf3a5b414c93d01b67,EAST,702,3.8,1,1,0,1,1,1,1,1,1,168782.13,1
145,Lisinopril 10mg,ANTIBIOTIC,DROPS,HealthPlus,BATCH-9925,317,11186,234.72,13.6,202.8,55544.4864,2027-11-19,2024-09-21,6d1f4fbbdc69d6b1820a56e4c9ee7acdb4e702585fec90ca0fdbc47edd8bae83,7b0b1ea5bf0e684f8717d31176c969d6bb994bec155831cbe289ad17a2ba858d,97e5804cf7e1b48761b23e4308a76613b179e2bff2dc9381f40883a8e717e721,d08657ccf28b18ddf84d5e87284200527a2a774446d80fce1cba1cea14e0b60b,WEST,544,3.2,1,1,0,1,1,1,1,1,1,64287.6,1
146,Ciprofloxacin 500mg,ANALGESIC,SYRUP,GlobalPharma,BATCH-2909,395,52868,1142.64,3.6,1101.5,419429.17,2024-07-03,2024-01-10,6d1f4fbbdc69d6b1820a56e4c9ee7acdb4e702585fec90ca0fdbc47edd8bae83,8148f1c47c86b5b551a40e365e66384dec0d6819d67eafa8f1c2898a6870470c,69e25f47a519af33aa4f4b90a146dba50e6f13911f251a8123dc7821e92a7008,2e60c5f81b0d6f9b5ced0c3f67ad090d64b8e8cb7ea419d51cd55eb16e136a7e,WEST,649,3.7,1,1,0,1,1,1,1,1,1,435092.5,1
147,Ibuprofen 400mg,ANALGESIC,CREAM,CureMed,BATCH-4300,240,53567,620.72,10.0,558.65,120668.4,2025-01-15,2023-03-15,65c24adfc4469fd3fd69fa7ee5e27a3068fab1971a962e2cfe0f18debb15ea94,455e0ed664c0d9181f64ec349454f8b089c21a5aebf6244f9b97711c3627bc28,7dadee549c0098b5cb40b59c114e291dd2999ace60fe1577485e19123020d589,b8ec928a64799658a3832da21c9b429afec38e4878257ecfc076289696e8752f,WEST,56,4.3,1,1,0,1,1,1,1,1,1,134076.0,1
148,Sertraline 50mg,ANTIDEPRESSANT,CAPSULE,HealthPlus,BATCH-3929,127,2025,438.18,6.3,410.57,48857.4194,2026-02-23,2024-06-27,a7e9ba96743a31b35bf0bfc487847264be25540f3d170dd0a026f9f22c01ac18,6b8583a0dd7513270671e3c9021495a57d8fa1707fc5b79a672810e0adbece45,40ca9f3b1a8c1550b97900e131ff641e52fc4062ab651a6b938937cce4935eb5,6ba75f7d61e67d11aa9d172932ace85b5fc0d7f157f86c64272151251660fc2a,WEST,204,3.8,1,1,0,1,1,1,1,1,1,52142.39,1
149,Azithromycin 250mg,ANALGESIC,INJECTION,CureMed,BATCH-4483,87,37188,502.26,14.2,430.94,32167.9472,2024-06-18,2024-06-25,6d1f4fbbdc69d6b1820a56e4c9ee7acdb4e702585fec90ca0fdbc47edd8bae83,20ac4cc9b2a39b2e663e5e9a17e28927b5fa23c075c71f87a0360cc175b2f8cd,038f4df0d7f3dda70eae8c70611042c9485743426111277c5b232e55f983af40,b056fd868e4c5b23907ed44339dc2b693c6ff934c4da7c12903700f98d871ffb,WEST,43,3.5,1,1,0,1,1,1,1,1,1,37491.78,1
150,Atorvastatin 20mg,ANTIBIOTIC,INJECTION,PharmaCo Ltd,BATCH-1656,420,26932,380.52,6.3,356.55,140316.687,2024-04-13,2023-08-13,6d1f4fbbdc69d6b1820a56e4c9ee7acdb4e702585fec90ca0fdbc47edd8bae83,8eee14670827a1292426e924499c5cbcd0014e38d54ba9ef2e7630e4a73fc6c2,f72dac6569b0c430707d0040fbf2325304a9b58262365458f1bb39f297375b54,393ea7ba30c2dcfd3968f3d69164c295bf8e59637d8724c0f3a39c45cc88dde0,NORTH,446,3.3,1,1,0,1,1,1,1,1,1,149751.0,1
